Waldon,Aindriu
Zebulon,Kaines
Webster,O' Dooley
Trudie,Haruard
Vannie,Leet
Dannie,Leathart
Karlotte,Belsham
Bryana,Astlet
Kenn,Mc Caghan
Jarid,Rosellini
Gwenore,Sterland
Caspar,Hanlin
Bryna,Jannings
Aubrette,Madders
Filip,Scottrell
Bernardine,Neligan
Spencer,Valentin
Burnard,Radage
Ezechiel,Rouby
Isaac,Gilfillan
Anders,Deaves
Eartha,Gowdie
Milt,Borthe
Florentia,Jowsey
Winnifred,Bockin
Devin,Postin
Carrie,Gaynes
Gwenny,Hasling
Shela,Bremeyer
Margette,Doggrell
Curry,Wogan
Prudence,Gyngell
Andie,Farndale
Bondie,Ivers
Lisbeth,Winspeare
Rebekah,Leadbeatter
Gustavus,Wingfield
Elmore,Burkill
Cash,Phillippo
Gardy,Hyatt
Faina,Tarborn
Tish,Aingel
Gilda,Dyment
Chanda,Whinney
Pablo,Skule
Lora,Sefton
Rikki,Human
Griswold,Ickowics
Darcy,Gush
Nicki,Gledhill
Mikel,Revey
Orin,Spollen
Carline,Yanne
Sloane,Masham
Mariejeanne,Jiles
Brunhilda,Paskin
Boone,Hinsch
Reidar,Fearns
Wilton,Bernuzzi
Lazar,Cumbers
Jelene,Lewisham
Ilise,Gianolini
Camilla,Celli
Annmaria,Lathwell
Guthrie,Sent
Berte,Sillett
Carri,Speirs
Any,Twamley
Mike,Franklyn
Konstanze,Chansonnau
Sergio,Cumpsty
Mitch,Gudge
Krystal,Beavon
Maury,Chinery
Edy,Shovelbottom
Marika,Kemmet
Madonna,Macconachy
Adiana,Critch
Alvis,Stroban
Peta,Drennan
Kellen,Croose
Rooney,Kitman
Gerick,MacAndrew
Tatiana,Reidie
Brittney,Tieman
Diego,Howman
Archambault,Teodorski
Sutherland,Windridge
Wadsworth,Harefoot
Jaime,Line
Ulrike,Wadie
Clo,Bentinck
Heidie,Managh
Collette,Kleanthous
Dory,Learmouth
Kincaid,Fritschel
Anissa,Robertson
Jerri,Demelt
Gloriana,Waldocke
Lewiss,Asipenko
Merrilee,Detoc
Michal,Reisenberg
Hedvige,Tollit
Erin,Garrique
Alasdair,Cleynman
Herc,Le - Count
Morlee,Hawkswell
Kittie,Emanuele
Rivy,Kestle
Shaylynn,Zellick
Cthrine,Howey
Kendre,Hallt
Margo,Tomczynski
Robinson,Caldecot
Kimble,Holleran
Ardis,Common
Xenia,Ashwell
Sandi,Aronstein
Anthea,Colliss
Cherin,McIllroy
Shayne,Buterton
Abdul,Shivell
Winonah,Crofthwaite
Daryn,Windas
Consuela,Binford
Cody,Warlton
Isabeau,Neubigging
Regan,Matresse
Rodina,Carcass
Earlie,Del Monte
Kevin,Officer
Garold,Willey
Cleveland,Bellchamber
Gabriele,Levecque
Fenelia,Bearward
Michaelina,Laurie
Lauren,Simonin
Coralyn,Cottam
Rosalia,Tabart
Giacomo,Raeside
Erma,Cogan
Doug,Mews
Ciel,Enright
Audie,Costanza
Jaime,MacCarter
Althea,Moxley
Bria,Norley
Wye,Fakes
Yale,Armsden
Kitti,Cooper
Haven,Della Scala
Pauletta,Stewartson
Leora,Davidof
Lewes,Peakman
Amanda,Gummery
Bobina,Peat
Sara-ann,Duckfield
Ynez,Davenport
Viki,Gong
Rania,Dyke
Rochella,Gallifont
Hilario,Deverille
Amelie,Learmonth
Stanleigh,Gaskins
Mignon,Leckenby
Axe,Addams
Tonia,Frankel
Josie,Firminger
Alasteir,Sabathier
Rollie,McCurtain
Sula,Tumayan
Alvinia,Rowcliffe
Baily,Nannoni
Eddie,Tees
Alasteir,McAnellye
Jermaine,Portress
Benn,Huitson
Noland,Hanton
Kirby,Labuschagne
Jenda,De Witt
Atlante,Pawlett
Ambros,Ketteridge
Trenton,Maw
Marshal,Powe
Obediah,Wodeland
Tressa,Anderton
Martelle,Skirling
Jenifer,Volke
Ardath,Castellucci
Ado,Blaksley
Alejoa,Bartoszek
Brandais,Wylam
Constantina,Dormon
Carney,Humerstone
Heath,O' Finan
Judie,Weatherhill
Pietrek,Burchnall
Ignace,Mollen
Kyrstin,Laxton
Jordan,Pickles
Valma,Elgar
Florian,Audley
Powell,Landsborough
Coretta,Fotheringham
Lon,Hawley
Ashil,Binyon
Elyse,Marxsen
Zacharie,Tremlett
Tarrance,Bromet
Nanni,Frenchum
Alexina,Crenage
Nert,Groven
Tracy,Syce
Virgil,Wotherspoon
Willey,Kneel
Matt,Orth
Ethel,Larvent
Waylon,Henri
Margi,Prugel
Ogdan,Dradey
Odille,Snodden
Pete,Falck
Nisse,Ridhole
Joann,Jerrans
Royce,Stooke
Derrick,Agent
Sunny,Wellbeloved
Benito,Dennert
Kahlil,Hake
Drusi,Orgel
Keely,Pantling
Shaylyn,Rough
Constance,Charrisson
Loren,O'Corhane
Leanna,Du Hamel
Sabine,Peteri
Royce,Hendriks
Dode,Ludovici
Davis,Armatage
Chaddy,Greensitt
Reena,Mirralls
Kathryne,Aronin
Jackie,Jandera
Franklyn,Lillford
Darius,Eyeington
Lita,Cordelet
Ezechiel,Isley
Sayers,Shorie
Ash,Holyland
Hiram,Lampbrecht
Selina,Choake
Daniella,Kervin
Leann,Orbell
Alexandros,Predohl
Dorree,Rosellini
Drake,Standage
Gregoire,Elnough
Raimundo,Blasetti
Mallory,Lambis
Reginald,D'Antonio
George,Spata
Xymenes,Neaverson
Cleveland,Ingledew
Tabitha,Silbermann
Tammie,Hammon
Hadrian,Thomesson
Ellie,Rospars
Wright,Shenley
Kirby,Palliser
Claudette,Maddyson
Thor,Hemms
Rosalinde,Thirlwall
Victoria,Hylands
Wilona,Littlejohns
Roberto,Maddra
Sherlock,Adamsky
Gerrie,Abbes
Eleanore,Parslow
Yoshiko,Dalbey
Crista,O'Beirne
Bonnibelle,Puxley
Xaviera,Scard
Billie,Blazey
Danice,Fulker
Prisca,Thornally
Leta,Hawkswood
Larry,Ellings
Merlina,Maddison
Vonni,Margeram
Dill,Kettow
Tammie,Urwin
Thorn,Laird-Craig
Sonya,Kagan
Keelby,Bickerstasse
Godart,Creyke
Ardenia,Shurmore
Rene,Kingscote
Heath,Alpine
Giulia,Clear
Burgess,Armin
Zarah,Spelling
Jackson,Woollam
Giorgio,Flanagan
Evy,MacGoun
Shirleen,Calafato
Orlan,Seabrook
Crawford,Janus
Liana,Woodburn
Rafe,McKee
Belle,Corryer
Kristan,Bennie
Mattie,Towe
Bree,Malia
Agata,Twaite
Tadeas,Buckett
Markos,Wooddisse
Jobyna,Fransman
Drucill,Looney
Cortney,Murphey
Tiffany,Herculson
Engelbert,Roxburch
Elberta,Huckfield
Chantalle,Howes
Florinda,Blabie
Eleonora,Gersam
Hill,Rodrigues
Dorie,Gaynsford
Margalo,Cherry Holme
Sam,Coulson
Niles,Dell'Abbate
Breena,Camies
Nelie,Watchorn
Tyson,Offill
Dannie,MacCole
Jewel,Osman
Penny,Chevalier
Angelia,Dumphry
Neal,Mytton
Rosamund,Pfeiffer
Meredith,Awdry
Roddie,Clardge
Stepha,Essam
Reynold,Drinkwater
Darnell,Corse
Gordan,Arnaudin
Priscella,Hopfner
Trenton,Gamett
Tania,Doerr
Brodie,Millson
Mechelle,Casaccia
Rachael,Westell
Jock,Cuddon
Odelle,Stobbie
Flossy,Ceaplen
Dehlia,Rowly
Arnie,Marr
Carny,Leckie
Lark,Burgise
Aurie,Pittoli
Louisa,Zienkiewicz
Suellen,Gercke
Carolynn,Bradie
Piotr,Strank
Carson,Laird-Craig
Cathyleen,McCambridge
Cary,Vannah
Jania,Tuison
Laurella,Scaice
Felizio,Rake
Terrell,Gothup
Eimile,Bianco
Rawley,Clench
Ellie,Driffe
Guthry,Ritmeier
Dee dee,Ovize
Herve,Houtby
Lorie,Richardot
Winonah,Gatland
Clemente,Tilford
Luise,Pearl
Barclay,McConaghy
Bethina,Cornely
Justen,Simkin
Gale,Hebburn
Rodrick,Cowdry
Wald,Wolland
Selig,Densun
Darcy,Strathe
Janina,Bolderstone
Frasquito,Wozencroft
Sissie,Caddell
Gizela,Terbeek
Virgil,Heatherington
Rodrigo,Beccero
Eveline,Keats
Henri,Gooder
Ninetta,Halburton
Anderea,Munby
Drew,Fust
Roland,Hollingby
Rodolph,Davidovics
Moira,Smethurst
Coriss,Pieroni
Laney,Gyford
Burke,Stanley
Cornie,McCraine
Melitta,Pinhorn
Tymothy,Eunson
Michaela,Coppenhall
Jonis,Schimke
Dara,Lacotte
Stevena,De Avenell
Lyndsie,Fundell
Gavra,Borley
Pedro,Meese
Howie,Grimsell
Oswell,Mahody
Bess,Coade
Niven,Darbishire
Pauline,Stearns
Abbie,Pecha
Calla,Harkins
Rollins,Criag
Ole,Ubank
Tarah,Charrington
Bradney,Kemble
Tarrance,Dericut
Quincey,Jedras
James,Sprowell
Margaret,Brettor
Dianna,Chiplin
Maura,Radke
Rafael,Pavyer
Kalil,Mintrim
Magnum,Tomasian
Ajay,Rubenczyk
Caresa,Di Napoli
Valerie,Margerrison
Mandy,Satteford
Issi,Tume
Kara,Juniper
Danyette,Hemphrey
Johnny,De Bruin
Gilbertine,Woolaston
Phip,Burnhams
Gerri,Hully
Damon,Riccard
Mic,Simmance
Shurwood,Ghio
Dix,Lippiett
Cart,Brugger
Akim,Oselton
Godfrey,Wind
Hilliary,Hexter
Edgardo,Ruhben
Daisi,Woolatt
Rebekah,Connar
Theadora,Nucci
Theo,Macilhench
Aaron,MacCroary
Lauren,Barszczewski
Janice,Minton
Garald,Lavielle
Glyn,Northridge
Brandice,Chessum
Sashenka,McBeith
Anette,Rousby
Kore,Grocott
Blanca,Bartolomeu
Vere,Tonnesen
Pauli,Murra
Wanids,Lasslett
Ronny,Servant
Joannes,Paten
Kirsteni,Catonne
Odetta,Gater
Riva,Morman
Adora,Peschke
Helge,Atterley
Lida,Squire
Hube,Meldon
Dehlia,Sybry
Elysee,Hischke
Gwenette,Beilby
Niko,Yglesia
Fredia,MacConnal
Towny,Sydry
Kayle,LLelweln
Audrye,Severns
Niccolo,Dunkirk
Bonnibelle,Golt
Rebeca,Twohig
Iolanthe,Clell
Kristos,Baston
Berkley,Crowne
Cortney,Sergison
Diandra,Scoggans
Bobbie,Allender
Martynne,de Bullion
Delmor,Lawee
Darnall,MacMeanma
Garret,Scarsbrooke
Micki,Robberts
Renae,Bocking
Lief,Swetenham
Minnie,Szimoni
Eddie,Shortcliffe
Mendie,De Rechter
Quinn,Spruce
Patricia,Skippings
Elsi,Stainsby
Lusa,Columbell
Thorstein,Stoffel
Madeleine,Torrie
Coral,Drakes
Hoebart,Moland
Consuela,Mc Menamin
Renaud,Simms
Ailsun,MacDermid
Ruthie,Rohan
Callie,Howson
Luella,Phelip
Winni,Zanetti
Claudianus,Jaggi
Kanya,Acland
Lilia,Prahm
Wakefield,Grinikhin
Portia,MacDermand
Tandy,Lilbourne
Tommie,Ferencz
Theo,Wallworth
Toby,Wildman
Kendal,Ragdale
Penelopa,Lowson
Sondra,Eeles
Lazar,O'Bruen
Lucila,Muncaster
Brantley,Cleworth
Tamera,Telega
Hilarius,Heales
Paddie,Prandi
Teodor,July
Sarette,Pietri
Rhiamon,Iddison
Shanan,Noakes
Wyndham,Hansford
Virgina,Addicott
Archaimbaud,Sibly
Antonella,Villaron
Willetta,Sperski
Issie,Vyvyan
Tatiania,Arminger
Fallon,Wackley
Ketti,McGahey
Suzann,Thow
Ammamaria,Crossby
Rina,Johanchon
Donnie,Papachristophorou
Raimund,Salery
Agna,Bramall
Christabella,Sawood
Eddie,Ciccerale
Clarinda,O'Donovan
Roxi,O'Howbane
Paton,Colloff
Vidovik,Durnall
Hashim,Batistelli
Steffen,Nial
Homerus,Standbridge
Brendin,Adamowicz
Jackquelin,Bland
Rawley,Climance
Kellsie,Exeter
Yovonnda,Ogley
Desirae,Fearney
Emory,Osorio
Myranda,Yukhtin
Estrellita,Sansun
Sheila,Doudney
Lexi,Mawford
Reinhard,Archdeckne
Cobb,Bulman
Dill,Heap
Hy,Dunkerton
Daria,Sunnucks
Bary,Kirkup
Izzy,Tomankowski
Rafaela,Lynskey
Bjorn,Busher
Chickie,Lewcock
Perry,Fulle
Perl,Taysbil
Margo,Blandford
Orelle,Rowbury
Katrinka,Rambaut
Tandie,Boneham
Ibrahim,Dunne
Dorolice,Allonby
Hamilton,Van Der Hoog
Charlotta,Neward
North,Dinis
Collette,Wraith
Arte,Boothby
Dorie,Pendrill
Glori,Paulot
Bengt,Kneaphsey
Salem,Shooter
Catherin,Brogden
Susanna,Dziwisz
Felicle,Crocroft
Brooks,McAlpine
Jamesy,Burhouse
Abrahan,Pickworth
Harmonia,Caughte
Gawain,Davio
Paxon,Probey
Olive,Dunstan
Tyne,Schulken
Roi,Antoniazzi
Jeanna,Fitzpayn
Sunshine,Hampson
Maddy,Baptie
Munroe,Davidge
Kelcie,Chart
Rooney,Pepper
Eolanda,Dollard
Darell,Buxy
Hy,Scampion
Lindsay,Pomeroy
Michelina,Hellikes
Kassey,Cutmare
Kirsten,Germon
Imogen,Diprose
Enos,Guihen
Agnesse,Spier
Zorina,Kneal
Gardiner,Kingsman
Ax,Spradbrow
Kat,Heindrick
Georgi,Damsell
Isadore,Stut
Aloise,Gouldbourn
Jerald,Rawlingson
Hilton,Dahlbom
Dom,Prichard
Liv,Mumberson
Rebbecca,Southouse
Wadsworth,Willey
Gottfried,Mustoe
Dede,O'Dunniom
Murdock,Shurmore
Georas,Lankester
Floria,Mitchiner
Salim,Emptage
Beniamino,Hobell
Casi,Padfield
Hans,Warsap
Tallou,Farron
Raphael,Kesteven
Leanora,Jee
Cookie,Cunnell
Brynne,Fardo
Lee,Lathleiffure
Gelya,Pawelek
Jo,Greenig
Phil,McCarney
Ev,Labet
Nye,Janca
Terencio,Dennitts
Cary,Orrah
Hanna,Pease
Flint,Raith
Florida,Pettiford
Witty,Haswell
Dulce,Kennham
Ardelia,Waterstone
Pennie,Beaten
Tristan,Giacubo
Fran,Smerdon
Thurstan,Sergison
Thelma,Camosso
Marja,O' Dornan
Aurilia,Ion
Neil,Aslott
Shelagh,Eudall
Jamie,Simner
Mellisent,Trymme
Care,Elmhirst
Ingeborg,Ivantsov
Norby,Caghan
Hannie,Massen
Blanche,Hughlock
Jennie,Onslow
Olivia,Scholling
Barnie,Tesimon
Stacia,Yurevich
Bron,Vettore
Aurel,Jurgenson
Rhys,Grelak
Celesta,Meldrum
Jennie,Cazin
Maryjo,Armytage
Norri,Kubik
Michele,Boullin
Mei,Lamport
Jayme,Carpenter
Kaela,Antonias
Juliane,Dunthorn
Dorelle,Sandford
Betta,Goseling
Trescha,Aldwinckle
Allyn,Jacks
Carri,Zavattero
Shanna,Thomkins
Rachelle,Areles
Marissa,Findley
Karil,Eliassen
Pamelina,Forman
Nicol,Armall
Dodi,Heavy
Daffy,Hathaway
Ernestine,Southwood
Clarita,Grafton-Herbert
Ken,Kaines
Shani,Sutherden
Mayne,McGarva
Cirstoforo,Beeho
Caryl,Fawssett
Rosemary,McElroy
Latia,Plampeyn
Polly,Lemary
Abigale,Dollar
Laurent,Streeting
Merrick,Tesseyman
Brigitte,Marioneau
Eward,Stilldale
Germayne,Drance
Aloysius,Richley
Loella,Mitrikhin
Lem,Presdie
Clim,Rowthorne
Jolene,Heskins
Philis,Braganza
Anet,Padmore
Patricio,Baumber
Wilone,Janatka
Alyse,Huddles
Nessie,Rhule
Ximenez,Sandbatch
Ashlan,O'Reagan
Rutger,Chitty
Albrecht,Bettenay
Thorsten,Bayne
Rutger,Southouse
Noel,Tetla
Dareen,MacDermot
Jemima,Childerley
Madge,Dell Casa
Bradney,Harberer
Chickie,Revan
Petrina,Fautly
Estrella,Kuschel
Henrie,Keningley
Irma,Macallam
Marcelle,Stonhard
Torre,Grimbaldeston
Louie,Yann
Roselin,Mumford
Helena,Tomini
Lela,Wanka
Fred,Cardus
Lurette,Lodford
Anette,Courtenay
Muffin,Frostdick
Biron,Bromhead
Ruddy,Shropshire
Abagail,McWhinnie
Elka,Clemmen
Coretta,Cordeau
Nonie,Hourston
Moina,Brazier
Petr,Adds
Dawn,Wharrier
Toma,Dewes
Carolyne,Pichmann
Lizette,Phippen
Prentice,Trobe
Oswald,Clingoe
Olimpia,Littlecote
Crystal,Hungerford
Ham,Alennikov
Fee,Fernando
Pia,Tewkesberrie
Janek,Brounfield
Boycie,Beert
Freemon,Ruckledge
Vaughn,Brolan
Cathryn,Penrith
Nalani,Bradshaw
Bald,Gipson
Taryn,Jeaves
Ernestus,Grandin
Giustino,Hissie
Janaya,Canaan
Ashlan,Greatland
Foster,Crebbin
Karee,Perrelle
Rickey,Whitelock
Lamond,Stinson
Estevan,Rollins
Latia,Ollin
Aimil,Collopy
Ondrea,de Mullett
Niven,Mertin
Jameson,Elgram
Teador,Iggo
Hetti,Tolumello
Dolf,Treadgear
Teddie,Cudd
Thaddus,Ney
Talia,Bartoloma
Betty,Aldin
Fairfax,Fyfe
Marrilee,Davioud
Huntlee,Oiseau
Lorena,Daouze
Cornall,Beckerleg
Perrine,Callaghan
Peta,Lascelles
Amandy,Prestney
Meggy,Eddoes
Dorita,Couldwell
Catlin,Stairmond
Ryon,Wordington
Selia,Canas
Sigfried,Mollin
Clement,Mart
Jen,Twinbourne
Hayyim,Matzen
Abeu,McCarry
Had,Schwand
Ray,Verlander
Rochelle,Anyon
Boycey,Braffington
Cletus,Goldhill
Turner,Vasin
Estrella,Jakubovitch
Ash,Boltwood
Noby,Erasmus
Norrie,Lamberton
Tamar,Trood
Darsie,Rackam
Kristina,Wadforth
Laurie,Dongles
Katleen,Cromley
Jeremias,Divall
Doug,Doxey
Duky,Meates
Minerva,Duns
Madeleine,Chaikovski
Ellyn,Fideler
Mary,Bristoe
Jessamine,Strass
Agnesse,Miall
Janeen,Barltrop
Delly,Binder
Hollis,Ibbetson
Stanislaw,Channing
Judon,Smurfitt
Justine,Dignall
Freemon,Morena
Toni,Whiteson
Darrick,Stollenbecker
Nate,Matterdace
Kent,Dannel
Gabrila,Jozsika
Merry,Doddrell
Lib,Palister
Shandee,Scedall
Hewitt,Couve
Harlene,Tattershall
Tarrah,Wedlake
Valli,Alcalde
Lottie,Wilkowski
Sadella,McGrail
Damon,Browse
Correy,Rodwell
Putnem,Sprade
Lawrence,Havis
Brnaba,MacKettrick
Alicea,Goucher
Amara,Shawcross
Sukey,Muglestone
Prudence,Ravenscroft
Francene,Snaddon
Wallie,Hamments
Candy,Glowinski
Charmion,Venner
Leigh,Pocock
Victor,Bucklan
Angelo,MacIlory
Terese,Shimony
Phillis,Gilliam
Flossie,Iacavone
Debora,Caldero
Reeva,McKyrrelly
Genovera,Housbey
Rosalie,Lundberg
Karlotte,Snashall
Cissy,O'Rudden
Reggy,Washbrook
Mindy,Gable
Alisa,Dunster
Billye,Mityushin
Jacinta,MacMorland
Lucita,Harron
Tammie,Baldery
Jenelle,Gheorghescu
Gabriele,Barrabeale
Hardy,Castleman
Elli,Vickars
Eleni,Finnes
Cos,Batey
Ami,Lax
Leann,Camoletto
Kerrie,Summerell
Shelby,Herion
Vanny,Aurelius
Wilona,Bonnell
Hannah,Haggie
Verne,Seed
Sol,Doel
Wolfy,Marden
Luis,Di Biasio
Darb,Chastey
Sayre,Ruff
Tybalt,Soldi
Kial,Rate
Torr,Hoxey
Alfi,Loveard
Nate,Skeermer
Angeli,Biever
Tersina,Olsen
Malina,Durban
Muhammad,Geldart
Rance,Glasscott
Molli,Capini
Kyle,Asals
Jilleen,McRuvie
Ripley,Dohmann
Neddie,Schlagtmans
Andrei,Guillford
Sandie,Sebright
Reta,O'Canavan
Alick,Blune
Waneta,Klink
Lev,Sustins
Far,Emburey
Thaine,Glavias
Marillin,Malthus
Hanny,Shelsher
Garreth,Semper
Kaitlyn,Spivie
Elsi,Matyashev
Maible,Georghiou
Meghan,Muschette
Mufinella,Kipping
Emmaline,Thrasher
Emanuel,Pickerell
Hester,Angus
Drucy,Eilers
Bobbie,Follit
Trent,Maddin
Shae,Paynton
Kaylyn,Cornford
Mort,Chasmoor
Rodina,Duffrie
Beatrisa,Abden
Karrie,McMeekin
Darrick,Waryk
Eyde,Weafer
Adrianne,Copcott
Armand,Eacott
Calv,Hambrick
Emmery,Mallabar
Shae,Gerriessen
Genna,Drydale
Frederic,Shopcott
Lynnea,Amies
Garwin,Sewter
Jerald,Laming
Amalee,Izatt
Lonni,Kuhlen
Coralyn,Huggons
Dagny,Finneran
Gerhardine,Fullalove
Dulcine,Kindleside
Merilyn,Arpin
Emalia,Thirlwell
Rozella,Hughes
Edouard,Betz
Clarita,Bowkley
Rickard,Dimitriev
Kip,White
Frasco,Lowmass
Reggie,Rawe
Pierette,Reggiani
Gardener,Tourville
Nissa,Perritt
Wenda,Betser
Murdock,Edgeler
Berton,McNally
Fredrick,Duly
Toby,Guyver
Phil,Eliyahu
Ronnica,Hubback
Irene,Menis
Pierre,Vann
Corny,Nawton
Elfreda,Paireman
Piper,Trenear
Richmound,Dulany
Onfre,Rannie
Reginauld,Minshaw
Karyn,Shovelton
Read,Reinhart
Corrinne,Benthall
Hilary,Hurford
Jule,Stean
Harlie,Colloby
Catherina,Gillibrand
Maurene,Loweth
Heinrik,Ogan
Larry,Antcliffe
Whit,Durnian
Lemar,Greenmon
Sadie,Edmundson
Shelagh,Edmenson
Reinhard,Pohl
Noel,McCaskill
D'arcy,Bertomeu
Marie-ann,Antos
Lara,Lowdham
Sissie,D'Oyly
Harald,Munns
Freddie,Lowings
Meghann,Prozescky
Emmalynn,Trimbey
Ramonda,Dyster
Dirk,Devennie
Tilly,Charke
Bruis,Kitchenside
Tris,Gittens
Mickie,Parkeson
Selene,O'Hartnett
Rozelle,Matyatin
Mendel,Ghidoni
Adriane,Lemasney
Etheline,Willshee
Nickolaus,Bewshaw
Kalle,Cleatherow
Barde,O'Hallihane
Sunny,Vampouille
Samantha,Hodinton
Portie,Wohler
Phillipe,Prichet
Jecho,Skeldon
Herbie,Hammerman
Lilyan,Mines
Hamlin,Sanham
Ulysses,Bamlet
Birdie,Thuillier
Auroora,Grugerr
Verene,Rulf
Eddy,Ingyon
Lindie,Lesslie
Anastasie,Sagar
Adda,Hairon
Moira,Curneen
Corney,Cardiff
Cymbre,Peasegood
Selby,Deane
Brunhilda,Hof
Hildegarde,Sendley
Chelsae,Nuccii
Jodie,Petersen
Sunny,Warnes
Caspar,Malenoir
Emmett,Guiraud
Cate,Snawdon
Ardeen,Barneville
Angelica,Borless
Frayda,Ballantine
Eada,Munro
Georgia,Hauxley
Karil,Escale
Dyann,Schutze
Susanetta,Beniesh
Cosimo,Lishman
Dagny,Wevell
Emerson,Jagielski
Lief,Greggs
Ida,Giriardelli
Daisey,Smales
Friedrick,Mockett
Melisa,Abbett
Langston,Birchill
Jeannine,Vyse
Jocelin,Nerger
Renaud,Gillan
Geoffrey,Lidierth
Cecile,Mailey
Kaine,Borgnol
Skipton,Winders
Stormi,MacRanald
Romy,Earie
Ervin,Sines
Templeton,Buesnel
Boone,Harsnipe
Sherri,Brydson
Bertha,Dickon
Lynelle,Young
Caitlin,Wardlow
Fedora,Eykelhof
Nichol,Alfonsetti
Ave,Rickeard
Vinnie,Bangley
Danyette,Cottage
Dierdre,Ayerst
Lurline,Meaden
Paige,Maase
Faye,Mauro
Brok,Chart
Chrissy,Lorans
Norrie,Sodo
Mufi,Lakeland
Laurice,Neward
Mart,Bellenger
Franny,Strike
Bondy,Kirk
Ariela,Sambidge
Garnette,Mellodey
Chiquita,De Mars
Janek,Halton
Ly,Askam
James,Dreinan
Walliw,Kares
Gale,Ricketts
Markus,Rudgard
Devland,Mattioli
Jan,Ramberg
Silas,Presho
Arlette,Lacoste
Morgan,St Clair
Mercie,Schurcke
Alex,Mitchell
Nat,Monk
Hieronymus,Spilsted
Esme,Peyro
Scotti,Carass
Rosanne,Claeskens
Aldric,Hankins
Paolo,Louder
Mordecai,Seddon
Edan,Thomasson
Eustace,Kearle
Agnese,Petheridge
Prudy,Frere
Marlowe,Lambird
Codi,Carnilian
Delcine,Artin
Mordecai,Meddemmen
Genia,Pyner
Edin,Vanyutin
Lin,Vanderson
Wolfgang,Shaul
Amalea,Sheerin
Rufe,Maren
Mildred,Flear
Anetta,Bayne
Chet,Pollard
Kasey,Dikes
Griswold,Pentycross
Pryce,Ormshaw
Greg,Paddon
Nathan,Crowche
Grenville,McCrossan
Talia,Garratt
Yule,Danilevich
Desi,Durnford
Kacie,Ravilious
Van,Chewter
Carny,Kubanek
Alisa,Balassa
Monroe,Durbin
Marrilee,Bothram
Dynah,Hannent
Melita,Carman
Marv,Merrigan
Siffre,Bandiera
Theresita,Altamirano
Mab,Bamfield
Seumas,Burwood
Courtnay,Losel
Ashlin,Tookill
Carlotta,Dunster
Tabatha,Janovsky
Marsiella,Bennetto
Emmalynne,Pettett
Jerrie,Bwye
Humberto,Byk
Carlota,Gulk
Etan,Buick
Wilfrid,Medgewick
Asa,Breeds
Arne,Keyhoe
Gabriela,Mussett
Philippe,Caslake
Latrina,Blakesley
Paton,Calley
Elianore,McGillivray
Pansy,Ridgway
Wendall,Parrott
Kippy,Entissle
Theo,Coxen
Tybi,Minelli
Larry,Elegood
Cully,Handyside
Susi,Longmead
Sybil,Grabban
Frieda,Giriardelli
Francesco,Ebdon
Keith,Simo
Jere,Butterley
Zechariah,Tomaselli
Meyer,Cameli
Norri,Fookes
Gayle,Birnie
Amalia,Benham
Nady,Meeny
Kellen,Oddboy
Jacquelin,Skelhorn
Courtnay,Ellsworthe
Bernadine,McCarter
Tedman,Bladder
Dale,Rudeforth
Dalenna,Lindback
Randee,Bragge
Washington,Whether
Blinni,Toyne
Sheba,Eiler
Melisenda,O'Crigan
Lanna,Dayne
Kristan,Feldhuhn
Bartolomeo,Alabaster
Matias,Dollen
Anni,Eldridge
Theresa,Spinage
Chicky,Raynard
Domini,Shakespear
Codie,Attwooll
Coleman,Govinlock
Bettina,Dispencer
Mela,Broomhead
Garret,Mendes
Lonnard,Bottelstone
Maurene,Cator
Rollins,Bruhn
Maximo,Mattaus
Kirstin,Molfino
Ingar,Mariette
Barclay,Wingeat
Gigi,Timmens
Gary,Banane
Christean,Hinkes
Davis,Flintuff
Lavena,Dyball
Fleurette,Pfertner
Michelina,Pina
Rollin,Shrimpton
Frederik,Hamfleet
Casey,Enterle
Cecilio,Gostyke
Gussie,Bardell
Emma,Pennells
Abby,Rawdales
Kenyon,Rampley
Bradney,Goomes
Bertie,McQuin
Veronika,Finkle
Hamilton,Ors
Wiatt,Laite
Selene,Muspratt
Ellen,Screwton
Fayette,Radsdale
Marius,Playfair
Berny,Clancy
Stephine,Burwood
Elroy,Chessel
Winnie,Gibbins
Darrelle,Mowat
Gay,Pering
Imogene,Singyard
Kellie,Goodbarne
Scot,Klosterman
Tania,Semarke
Morten,De Cruze
Devondra,Matushevitz
Kamila,Hurlin
Tobias,Whales
Lilian,Flude
Oswald,Matley
Fletcher,Coraini
Ellen,Lanfranconi
Cindi,Olfert
Damaris,Bedbury
Giordano,Brawley
Salvatore,Motion
Tatiania,McIlwain
Belita,Letts
Hedvig,Akett
Breena,Galtone
Yves,Basilotta
Krista,Eacle
Raychel,Sidon
Juline,Ioannou
Valeda,Hindenberger
Armin,Kumaar
Dwight,Angelini
Foss,Ondrak
Broddie,Land
Caddric,Killeley
Nevin,Pafford
Rivy,Giorgielli
Samantha,Greger
Kendre,Dincke
Cathee,Gianni
Penn,Harmson
Eal,Stradling
Johan,Wasbrough
Edna,Rarity
Ariel,Arnull
Vally,Levinge
Heywood,Eixenberger
Ber,Gotcliffe
Maxine,Tidbold
Judy,Wildor
Curtis,Scoines
Urbano,Rosedale
Benedicto,Allabush
Normand,Fields
Jacquelin,Dirand
Howie,Juanico
Druci,Renshaw
Cleavland,Guyer
Rockie,Harm
Renaud,McCarlie
Judith,Ludron
Aveline,Yarham
Merwyn,Soanes
Pincas,Pucknell
Genvieve,Butterley
Doe,Champkins
Ennis,Anglish
Aeriel,Mc Meekan
Sheeree,Essam
Beauregard,Sheather
Boyd,Scibsey
Torrence,Decaze
Verna,Belhomme
Bettine,Pillans
Linnell,O'Cahsedy
Doloritas,Mityushkin
Aida,Dicke
Libbi,Gheeraert
Blayne,Rapinett
Lionel,Braisher
Amery,Rowen
Will,Moan
Michelina,Alyutin
Saleem,Westcott
Annissa,Narramor
Heinrick,Dikles
Skip,Lyven
Tildy,Ringrose
Benito,Baszniak
Susanetta,Seedull
Leonidas,Cabral
Dorisa,Verriour
Maxie,Mousby
Shea,Pallaske
Jaquelin,Vescovini
May,Futty
Jonathon,Jakoub
Romain,Carine
Brunhilde,Cowle
Dom,Coggell
Lauren,Mouan
Reinaldos,Hartigan
Jorie,Duchesne
Lek,Divisek
Astra,Schimonek
Abram,Cattini
Caroljean,Murden
Casar,Belchem
Lemar,Grayham
Ashley,Champkins
Shaylyn,Comello
Hallie,Hasted
Debora,Herrieven
Nolie,Guye
Norbert,Jecks
Elora,Ballintyne
Zorina,Ubank
Cahra,Holbarrow
Leeann,Kalvin
Fidel,Berthod
Benedict,Jiruca
Kyle,Weiser
Klaus,Gheorghescu
Kienan,Dugald
Mariska,Slocom
Poppy,Cornbell
Charles,Reina
Misha,Tollet
Batholomew,O'Doherty
Christy,Domb
Timmi,Lomb
Farlay,Azam
Arda,Lentsch
Bancroft,Rizzardini
Nicole,Hing
Konstance,Grishakov
Piper,Bellefant
Lola,Pardi
Edan,Cornelleau
Mariele,Hastilow
Veda,Luther
Corinne,Santhouse
Sindee,Dunsleve
Vasily,Kubera
Rayna,Hawlgarth
Emelda,Skalls
Torey,Stovold
Gaylor,Alleyne
Emalee,Spearman
Martyn,Ackland
Corella,Briggs
Ailis,Robertson
Bella,Luebbert
Marya,Broggini
Theodosia,Clayfield
Gerrard,Calloway
Nisse,Ritchard
Ingelbert,Philipeaux
Noble,Haffard
Livvyy,Keyzor
Sarena,Wanless
Davy,Stobbe
Adorne,Toquet
Rodrique,Moynham
Domenic,Lythgoe
Carlene,Greenroa
Juana,Bode
Jenni,Weddup
Jemmie,Nyland
Izzy,Vankin
Zaccaria,Corben
Camel,Gorhardt
Carroll,Issitt
Carmon,Sulland
Perceval,Milazzo
Vincenz,Menichelli
Chloe,Norree
Antony,Morgan
Cristobal,MacAlester
Keary,Guinn
Whitney,Milsap
Bathsheba,Colbourn
Kore,Sprowle
Isahella,Synder
Arda,Bonsey
Herbert,Commucci
Welby,Maron
Mirna,Juschke
Thia,Walcher
Abra,Streader
Bibbye,Ness
Rianon,Bunney
Elmore,Stubbeley
Les,Waitland
Roy,Brogan
Alana,Winn
Benn,Spancock
Roseanne,Kenson
Delly,Gascar
Ellen,Bolles
Toma,Caro
Bartholomew,Kimbly
Merill,Sawbridge
Stace,MacCartair
Hamid,Bleakman
Sollie,Valeri
Colby,Standidge
Eldridge,Seebright
Colline,Pickworth
Valerye,Laity
Opal,Erik
Aridatha,Elderfield
Karee,Charley
Ewan,Brasener
Gun,Mcwhinney
Brade,Guild
Patty,Assante
Harp,Tows
Montgomery,Franck
Lethia,Simioli
Logan,Cuer
Flory,Habden
Vanda,Chatel
Barris,Noble
Elmira,Waiting
Bertrando,Idell
Shelby,Challen
Alyss,Pieroni
Sayer,Duddan
Raymund,Pollie
Kevon,Howood
Diarmid,Kleinber
Carolynn,Crighton
Lilias,Cooke
Elsa,Carberry
Mehetabel,Braisted
Towney,Fermoy
Freemon,Whitman
Marlowe,Wetherald
Georgine,Steere
Trevar,Paolone
Alberto,Stonehewer
Beltran,Cattermoul
Magdalena,Coppledike
Cornelle,Kaes
Tandy,Creus
Sol,Forton
Alanson,Jeness
Wynne,Hamley
Enrichetta,Ovanesian
Rita,Glendza
Darby,Carnson
Becki,Franzetti
Doyle,Vickress
Jobi,Date
Marco,Cardiff
Dom,Birkmyre
Melissa,Purkis
Mikey,Bowsher
Teddy,Kellogg
Worthington,Lesslie
Kaela,Lackemann
Raynard,Segrave
Lucius,Bramsen
Leupold,Barosch
Sol,Mohun
Zack,Yeowell
Ceciley,Polfer
Benny,Stean
Randy,Wanklyn
Fabien,Harses
Verna,Powles
Griff,Normanton
Rubia,Fealey
Della,Dabell
Georgie,Snarie
Georg,Geyton
Ardys,Maskrey
Elisha,Lamberteschi
Fern,Di Biasio
Mommy,Meneghelli
Selie,Wilprecht
Hedvige,Dennett
Jethro,Eisold
Ralph,Ivell
Goldarina,Danielsky
Saundra,Corter
Briant,Brothers
Fan,Heberden
Revkah,Bannister
Norbert,Baldwin
Gerardo,Thoumasson
Hoyt,Djuricic
Alexio,Quincey
Isis,Smeaton
Stanly,Shipcott
Camellia,Dislee
Angelico,Hugonneau
Shandeigh,Rubenfeld
Godfry,Barends
Staci,Chamberlayne
Kiley,Till
Byrann,Wooles
Sarge,Leeburne
Rhoda,Gumbrell
Bette-ann,Wofenden
Dierdre,Fallis
Sherie,Kimbury
Lauri,Beane
Angele,Brimicombe
Reba,Bagehot
Joellyn,McNeice
Sandy,Elstob
Boyce,Bamlett
Alma,Blucher
Urbain,Iddon
Kati,McAnulty
Barrett,Marskell
Ugo,Mercey
Edna,Chester
Editha,Illingsworth
Ursa,Selley
Antonie,Real
Marillin,Leif
Donal,Huxstep
Stephi,Stanway
Pacorro,Dilawey
Norene,Serridge
Petronia,Burges
Rosalinde,Amott
Tanney,Ridding
Kristan,Halbard
Letty,Castro
Talbot,Muldrew
Jud,Hulk
Chrysa,Alexander
Alexio,Gilliam
Larine,Firmage
Paten,Aldwinckle
Janette,Hannabuss
Wynn,Carus
Vivyanne,Silversmid
Debor,Hallam
Dierdre,Middlemiss
Valentine,Screeton
Leslie,Laugharne
Homere,Cominetti
Carroll,McTeggart
Claudette,Marin
Twyla,McClelland
Brantley,Bitchener
Jaquelyn,Dibdin
Shawnee,Parkes
Maud,Castleton
Sigismondo,Boyson
Raddie,Upham
Jasun,Silber
Marlowe,Jocelyn
Thomasin,Mustard
Ximenez,Wasbrough
Inger,Sebrook
Rori,Lerwill
Callean,Lammertz
Minnnie,Klimpt
Kelsey,Tilliards
Lou,Puckrin
Lanie,Baudts
Merralee,Jaynes
Margit,Libbe
Ariel,Jameson
Etan,Rusted
Letizia,Tangye
Marlane,Swan
Rosco,Gallegos
Helene,Cocozza
Keane,Shoppee
Aline,Denyagin
Alexandrina,Norvell
Cassi,Farenden
Seymour,Malinowski
Lezlie,Finan
Ag,Saket
Tudor,Brik
Markus,Barter
Barbie,Wisniowski
Yoshiko,Clapson
Gillie,Coathup
Griffie,Echalie
Jephthah,Birdseye
Darrick,Rothert
Tod,Vanderplas
Quent,Drewry
Alethea,Greatham
Lacy,Llop
Tad,Jefferson
Halimeda,Greeno
Dickie,Forcade
Maxie,Gainsburgh
Aline,Ligoe
Karlik,Crummie
Hadrian,Vinick
Barrie,Bantock
Hymie,Lindgren
Nicoline,Kewzick
Diahann,Cauldwell
Hortensia,Hirsthouse
Elton,Friedman
Ossie,Lishmund
Adlai,Jugging
Avictor,Gleaves
Betsey,MacTrustrie
Dewey,Hukins
Dix,Boother
Georgine,Sappy
Melanie,Masser
Wyatan,Wardrop
Cassandre,MacGowan
Greg,Twigg
Leonerd,Danforth
Wiley,Treagust
Burnard,Barttrum
Karina,Snassell
Ainsley,Gaudin
Lynnette,Goodwill
Scarlet,Nixon
Jesus,Heiner
Vivi,Hacun
Otho,Edney
Andres,Merida
Goldi,Dorrian
Fayre,Elliss
Jill,Spyer
Pincus,Goodright
Joane,Parish
Lorens,Perkins
Windham,Angove
Kylila,Konertz
Tymon,Tieman
Pepe,Vashchenko
Hesther,Lamb
Mora,Kirkhouse
Chrysa,Tarply
Demetri,Potkin
Lorant,Copson
Chelsey,Mallinder
Francklin,Sharer
Papageno,Weetch
Dorian,Milkeham
Rollin,Stoad
Geno,Vinker
Rona,Peirson
Jobye,Powdrell
Leroi,Frankcom
Tate,Kubicki
Carla,Kinnock
Madelon,Dunrige
Annabal,Harlow
Kimmi,Infantino
Minny,Hultberg
Willey,Body
Sander,Veck
Margaret,Sobieski
Sullivan,Fenck
Tiebout,Gorbell
Ronnie,McNicol
Timmy,Carlson
Albert,Hryncewicz
Michail,Marmyon
Deloria,Busse
Fidelio,Gazzard
Beret,Krale
Amery,Greensides
Devina,Fronsek
Jennica,Summerly
Alidia,Aries
Suzette,Isham
Goddart,McGoon
Barrie,Hagergham
Yule,Fullegar
Faun,O'Scannill
Calley,Norkett
Kathrine,Snuggs
Ware,Songer
Joannes,Reihm
Wanda,Pfaffel
Griff,Robke
Aylmar,Reoch
Lucia,Lindblad
Tish,Glaysher
Timmie,Frotton
Auria,Cholonin
Harris,Alleyn
Erna,Bodicam
Huntlee,Scullard
Deerdre,Wase
Ninnette,Fer
Davey,Stollman
Minor,Burgoin
Krissy,Cardno
Eugenio,Starcks
Candi,Madine
Ulrikaumeko,Drysdall
Bentlee,Lambird
Gusty,Honig
Emmie,Rafter
Devin,Ettels
Webb,Thominga
De witt,Thurner
Pepillo,Ciotti
Guthry,Heinz
Amil,Lowerson
Kile,Lautie
Tiphanie,Dilks
Jemie,Riddock
Burty,Allison
Irwin,Clemenson
Shane,Kitley
Jan,Trinke
Dorolice,Kitchingham
Kris,Ruppel
Curry,Bean
Lurline,Reeson
Patience,Rippin
Susie,Laudham
Jean,Morkham
D'arcy,Sabate
Burlie,Hallaways
Nonna,Flageul
Eloisa,Westhoff
Orazio,Petrushanko
Irina,Banister
Waldo,Risebarer
Bliss,Knevet
Devlen,Yakubov
Georgia,Philippon
Saxon,Mingaye
Marcello,Muller
Donetta,Reilingen
Samuel,Gamlen
Marena,Walstow
Dareen,Heindrick
Eba,Perell
Dionne,Sibbering
Rena,Thom
Stavros,Siveyer
Hallsy,Kellert
Veda,Inkle
Kinny,Stapele
Jock,Elener
Rebeka,Blayney
Maure,Hockey
Belita,Stedman
Robby,Isaak
Sean,Plaskett
Orin,Wyllie
Marilyn,Ream
Irvine,Gerardet
Garold,Ramsay
Tanney,Staker
Jeralee,Phipson
Theodore,Leatherland
Helen,Louedey
Christophe,Hrinishin
Carly,Toman
Gilburt,MacGaughie
Kevon,Apperley
Meggy,Swinglehurst
Chaddie,Meininger
Ingaborg,Cominoli
Celka,Foux
Roby,Creffield
Cecile,Snoddin
Phip,Cantrill
Crosby,Lamzed
Johnny,Smale
Cosette,Thackray
Elsy,Grover
Bond,Pappi
Lauren,Primak
Mignon,Barhams
Dwain,Palluschek
Reynolds,Theis
Shayna,Ordidge
Guido,Fassam
Lisa,Donaldson
Deloria,Siviter
Elysha,MacNamara
Richmond,Rizzolo
Matti,Duro
Isa,Kik
Rayshell,Tregenna
Gerhardt,Pond
Karen,Breckenridge
Bettine,Corradetti
Clyve,Gercken
Hyacintha,Craise
Neil,Rahl
Nettie,Artingstall
Steffen,Cliss
Keelia,Cornejo
Kath,Smye
Ilka,Rickesies
Ivonne,Peasgood
Morgun,Arnke
Mischa,Bradborne
Beilul,Cheshire
Lucho,Perel
Finley,Rootham
Kathrine,Arp
Blondy,Tieraney
Britteny,Rankcom
Brenna,Deschelle
Laurence,Moisey
Dickie,Seydlitz
Cheryl,Ghirardi
Ronnie,Fazackerley
Olivie,Durie
Olenolin,Linbohm
Eddy,Hynde
Shea,Balser
Bruno,Lackmann
Peterus,Tofful
Mordy,Belfelt
Arnaldo,Simson
Marian,Clemerson
Win,Mower
Kippy,Oleszczak
Daren,Marle
Dale,McKim
Briant,Lightman
Allan,Ferandez
Beck,Izak
Ambrosius,Garrique
Wendie,Espinazo
Katya,Cornbell
Shurlocke,Alcido
Anjanette,Alloway
Guinevere,Sighard
Marena,Marris
Lissa,Hansell
Fleurette,Demchen
Elmo,Farrall
Gaby,Cicconetti
Arlene,Medland
Bernice,Persich
Cesaro,Brickett
Bryana,Belderfield
Johnette,Piner
Leann,Stewart
Boniface,Grasner
Christiane,Keays
Ingeberg,Vitet
Emmott,Nunnerley
Barde,Loines
Sholom,Shadfourth
Jehu,Taleworth
Bertrand,Bossom
Baxter,Adolfson
Catlaina,Graysmark
Eba,Scrafton
Gabbey,Lant
Amye,Dafforne
Elyssa,Chisnell
Isidora,Bastard
Lianna,Peotz
Sheridan,Darkin
Agnola,Ziehms
Edie,Ryves
Eveline,Robken
Jesus,Panyer
Amalia,Antoniewski
Zarla,Morant
Perle,Uridge
Tarra,Ashelford
Lesley,Lenoir
Eartha,Fowlie
Fin,Malecky
Rocky,Teggart
Killy,Guillem
Karie,Cuffley
Rozelle,Prazer
Darcy,Proswell
Otes,Causley
Danya,Roumier
Hallsy,Rooze
Kathleen,Jouanot
Hilary,Margrem
Elmo,D'Errico
Chauncey,Magowan
Ada,Horley
Daven,Spry
Ode,Farrall
Jerrie,Evason
Eberhard,Point
Junette,Sheber
Gill,Bruckmann
Dulcea,Cyphus
Caro,Lavrinov
Arty,Sampey
Rosalind,Portail
Ximenes,Saylor
Jerrie,Arkin
Harriett,Phizackerly
Loretta,Clever
Correna,Wapplington
Corrine,Fitzpayn
Giraldo,Roxby
Jae,Hulson
Briant,Lacaze
Eward,Cotes
Malvina,Bartolomeazzi
Aland,Beernaert
Adel,Pascho
Jacquie,Filipczynski
Dougie,Mordecai
Whitaker,Unstead
Leoine,Porcher
Marcellus,Rampton
Marie-ann,Coetzee
Cherlyn,Bausor
Demetra,Spurr
Mei,Dyka
Kora,Lunbech
Averil,Darbyshire
Vidovic,Colwell
Pet,Le land
Norris,Dow
Reynolds,Bradmore
Nye,Shimony
Patricio,Klimontovich
Yvor,Lowater
Earle,MacIlurick
Estella,Rosell
Cass,Staddart
Laurianne,Horley
May,Dawtrey
Leslie,Godman
Dari,Lavery
Jennee,Buist
Minnaminnie,Lindeman
Garth,Doulton
Codee,Tythacott
Berry,Allston
Umberto,Donisthorpe
Edgar,Yurin
Mildrid,Humbell
Anthiathia,Oen
Even,Cohane
Athene,Fullegar
Darb,Nudde
Nefen,Crepel
Wynnie,Colisbe
Guendolen,Pennrington
Brennan,Stoffler
Pepillo,Archer
Ivette,Pucker
Abbe,Auguste
Nannie,Linde
Fraze,Hollington
Rafi,Kilner
Emmott,Dunwoody
Carolyne,Dencs
Daphna,Grishagin
Evania,Beart
Nananne,Spohr
Britta,Kochel
Alverta,Portt
Dani,Halton
Klaus,Wilstead
Marlowe,Klaassens
Felipe,Ciotto
Tanya,Cowey
Max,Maud
Morten,Chishull
Babette,Nicholls
Janine,Mortell
Noble,Hamlyn
Lonee,Wards
Alfons,Payley
Terri,Kissell
Zelig,McGaugie
Flory,Quiney
Archibaldo,Halton
Sondra,Giriardelli
Lois,Birchett
Celestina,Ivanenko
Aline,Amott
Neville,Baldock
Maridel,Kinnie
Zarah,Southan
Gun,Ondra
Jacques,Reye
Devon,Ollerhead
Con,Frisby
Mikkel,Golbourn
Gilberto,Shrubsall
Maryjo,Goldhawk
Clyve,Halton
Carmencita,Dugan
Rodrigo,Kibbe
Lothario,McQuilty
Mari,Barnardo
Christiano,Cunnane
Nate,Carletti
Irita,Perin
Ollie,Roskilly
Rene,Mannix
Dominga,Mowett
Xymenes,Bodycomb
Bond,Scanlon
Joel,Jinkins
Arda,MacDwyer
Onfre,Kondratovich
Tootsie,Durning
Wilton,Howse
Marylee,Minshaw
Mozelle,Hyrons
Gasparo,Tribble
Leann,MacCallion
Claudetta,Lackey
Jewel,Rockhill
Whittaker,Kemmer
Eal,Challes
Miguel,Matura
Bone,Blackborough
Morgana,Kinsley
Marshall,Goathrop
Lanae,de Keyser
William,Wagge
Winni,Welfair
Rad,Lower
Shanna,Buckle
Richmond,Elphinstone
Ardra,Innwood
Graeme,Jewar
Guy,Wildbore
Kev,Oddboy
Adore,Rao
Hattie,Parell
Elyssa,Wyper
Nolan,Anslow
Isadora,Nuss
Ambrosi,Monckton
Roobbie,Bruckental
Marty,Treby
Richart,Neild
Chryste,Unwin
Celie,Herion
Kandace,D' Angelo
Mahmud,Feeney
Emmaline,Britney
Didi,Saur
Shani,Burvill
Electra,Horsell
Gail,Tittershill
Imojean,Kimbury
Agustin,Preto
Ive,Rubinlicht
Rayner,Staterfield
Jessamine,Mazdon
Sylvan,Scroggie
Obed,Gave
Willa,Olivia
Merissa,Marchington
Nannette,Marron
Craggie,Bayford
Moshe,Bonnet
Meggie,Goodlud
Meredeth,Osband
Thatch,Isson
Oralie,Morfey
Carline,Kettlestring
Bernardine,Piotrkowski
Nerta,Ivory
Moshe,Dobbin
Verine,Allerton
Merrel,Dilliston
Gisella,Spinks
Nada,Dziwisz
Eustacia,Saing
Janna,Isgate
Aindrea,Bass
Judon,Breagan
Lorine,Jochens
Cheslie,Tamblingson
Elwira,Kingsford
Garvin,Maingot
Maris,Dugan
Madeleine,Jedras
Mirelle,Napolitano
Consolata,Gristwood
Lydie,Liccardi
Cleavland,Winspire
Donaugh,Neeves
Dorette,Grimestone
Virgie,Fibbit
Maximilien,Kusick
Brendis,Bellefonte
Thaine,Stanyan
Tarrah,Dominiak
Lorita,Clewley
Eudora,Reece
Etta,Siviour
Yoshi,Muckart
Abbie,MacCarlich
Elmer,Rundle
Wilhelmina,Cubbini
Arlana,Rhoades
Debee,Ghione
Nahum,Grevile
Denna,Ferrarin
Shayla,Gately
Morgun,Stanmore
Norton,Paszak
Wilden,Cutchee
Ginni,McBryde
Christiana,Pettegree
Humbert,Russi
Rahel,Pittford
Yancy,Tuttiett
Keely,Beddoe
Vinni,Human
Gottfried,Ten Broek
Oralee,Cicero
Blanche,McQuaid
Llewellyn,Vernon
Aldis,Pimlott
Harmonie,Peracco
Madelina,Pittway
Britt,Freshwater
Barby,Brane
Deny,Jackman
Elke,Ondricek
Julee,Covell
Lorrin,Wyldes
Kerri,Andrei
Zarla,Aleksandrikin
Erhart,Tschursch
Hardy,Rudgley
Gustav,Wenn
Packston,Hinder
Sherline,Heaps
Mallory,Van Waadenburg
Evania,Buckberry
Silva,Rown
Arne,Heinritz
Celestyna,Corcoran
Kaleena,Gleeson
Gino,Birwhistle
Keefer,Bunch
Erv,Flecknell
Tansy,Sainsbury-Brown
Cliff,Onthank
Oran,Banyard
Fraser,Balhatchet
Shel,Helwig
Kaspar,Baff
Romona,Ida
Sanson,Bruckner
Merrielle,Dureden
Gwendolyn,Thurlby
Sam,Ayce
Nicolas,Pebworth
Dodi,Henricsson
Ernest,Banaszczyk
Cosette,Luckhurst
Wileen,Siddons
Eddie,Hamlett
Hilde,Baszkiewicz
Roland,Revie
Christoforo,Grabb
Karina,Huxster
Modestine,Trymme
Eamon,Messenbird
Maddy,Defond
Theresita,Ackhurst
Roxane,Chrestien
Demetra,Durtnal
Nadia,Hyndman
Lindsay,Varnes
Gaby,Arrandale
Rubin,Breyt
Selie,McMillam
Trev,Attwater
Mamie,Sunock
Camel,Andryushin
Margaret,Smaleman
Donelle,De Rechter
Florie,Bowles
Cameron,Boor
Tuck,Hambrick
Baldwin,Demaid
Nilson,Foxall
Warren,Blemings
Abagael,Fick
Cynthie,Petkens
Bradney,Euston
Axe,Piotr
Celestyn,Steven
Nertie,Richter
Annamarie,Idenden
Reinhold,Vautrey
Brendon,Hendrich
Edin,Baldacchino
Lilyan,Ipwell
Hagen,Tapner
Maje,Troake
Arlen,Tinston
Leeann,Sinton
Zorana,Keyzman
Manda,Greatex
Malchy,Confait
Jarrad,Nuccitelli
Ham,Gellately
Morissa,Casaccia
Jesselyn,Ingram
Caitrin,Tett
Hasheem,Antushev
Penny,Cartlidge
Gabriell,Brozsset
Norrie,Gathwaite
Bartholomeo,Djurdjevic
Hasty,Shurlock
Patsy,Turgoose
Roselia,Drysdall
Anastasia,Cowpland
Vyky,Torpie
Ottilie,Pyrah
Timothy,Minnis
Shane,Purcell
Rosie,Hasluck
Erwin,Kilrow
Kristofer,Rycraft
Tyrus,Cosgry
Ailene,Shoorbrooke
Rasia,Kiddell
Galina,Voak
Stanley,Ruthen
Vittoria,Brusby
Kayla,Tume
Margi,Andrioli
Abey,Mizzi
Ninnetta,Bellew
Ruthi,Prys
Wolfgang,Kitter
Patricio,Molan
Dallon,Wookey
Oates,Moresby
Adena,Crowe
Zorana,Iannazzi
Rourke,Mowlam
Caryl,Gaule
Nathan,Fawdry
Emmi,Firmager
Hunfredo,Darnell
Tally,Shanahan
Berget,O'Dreain
Carmelle,Oxenden
Felike,Hebditch
Thalia,Dawkes
Anne,Britner
Lenette,Basso
Carree,Scranney
Gerhardine,Nisco
Issie,Atkirk
Stormie,Tweddell
Abey,Edelheit
Marv,Cockshut
Patrizius,Yerlett
Rayshell,Como
Ivy,Pearch
Charles,Riha
Duke,Eadmeades
Pattie,Humphris
Kellie,Redgewell
Halette,Kydd
Jaimie,McTiernan
Brenna,Gately
Elbertine,Romushkin
Dorrie,Yanez
Llewellyn,Dyter
Paige,Doornbos
Frasquito,Pilgrim
Levy,Frape
Kienan,Zorzin
Brandon,Trowsdall
Jarrad,Tripe
Henrie,Niesel
Annabal,Asbrey
Carley,Simkin
Levi,Verecker
Cayla,Hum
Ariel,Donisthorpe
Cointon,Tiffany
Casi,Copes
Maridel,McLanachan
Powell,Flarity
Esra,Coddington
Mariquilla,Goullee
Courtnay,Berrecloth
Kirk,Ughi
Roch,De Laspee
Giacopo,Carillo
Betsy,Ziems
Theo,Plimmer
Kilian,Asplin
Germain,De Ruel
Cyrillus,Dyson
Adriena,Catlow
Justis,Springthorp
Roselia,Curnok
Jackson,Trigg
Jimmy,Bennetto
Clare,Gething
Clerc,Hindsberg
Reinhard,Flury
Dewie,Howden
Marshal,Ruberti
Fletcher,Bowler
Evanne,Jonczyk
Tamar,Petegree
Dexter,Murrow
Saleem,Skiplorne
Bessy,Andriolli
Vernon,Rayburn
Pepi,Mark
Fredelia,Ezzle
Galvan,Tousey
Madge,Bebbington
Renata,Dirr
Henrietta,Cockerill
Karlotta,Broome
Pearla,Littlepage
Megan,Filoniere
Rosalyn,Lazenby
Gayle,Rosenbloom
Hailee,McSkin
Dewitt,Lovelock
Josefina,Eiler
Land,MacIver
Diana,Goodlad
Helen-elizabeth,Emloch
Dietrich,Burnyeat
Marshal,Librey
Menard,Boggs
Waite,Verma
Janeen,Pettipher
Christina,McWhan
Carey,Timny
Mary,Erdely
Humfried,Doige
Cammi,Tallman
Oliver,Hotson
Laureen,Pendered
Marcille,Moulsdale
Dita,Barsby
Robbert,Furby
Webb,Tommis
Isis,Gromley
Hilda,Laing
Rhett,Vynehall
Melisande,Bere
Phyllis,Allchin
Abe,Hynde
Nana,Jacomb
Lanette,Baraclough
Katharine,Iacovielli
Flora,Audry
Winnifred,Elland
Barb,Rawstorn
Katuscha,Moorcraft
Shaine,Chesser
Alfy,Philipps
Brinn,Frost
Claudelle,Arnaudi
Adolphus,Mulleary
Emlyn,Ginn
Randa,Tonner
Brew,Branchet
Marysa,Northey
Boris,Hedlestone
Roxy,Fairhurst
Meridel,Frewer
Jonathon,Pidcock
Winnie,Jobbins
Mellisa,Joder
Caril,Kaye
Neron,Galsworthy
Leia,Roelofsen
Lacey,Moreno
Skippy,Gerwood
Remus,Elfe
Dani,Authers
Page,Dowber
Fifine,Fredy
Vincenz,Croisier
Georges,Millott
Aprilette,Heigho
Dayle,Aisman
Adria,Laroux
Porty,Stokey
Malvina,O'Hallagan
Georgetta,Pigrome
Zoe,Colbertson
Christy,Puxley
Dotty,Argyle
Cherida,Barton
Rois,Carse
Dominik,Aronow
Shaylyn,Jori
Quillan,Bealton
Corrie,Lamb-shine
Clea,Spurett
Fred,Macon
Constancy,Haill
Remus,Keppy
Sadie,Etchells
Diane-marie,Ternent
Orville,Creaney
Grover,Venes
Lesya,Ioannidis
Julie,Veldstra
Bond,Grimm
Giacobo,Alner
Corny,McGarvey
Becky,Troth
Xylia,Sturt
Kendricks,Witchalls
Cale,Colter
Lincoln,Cantu
Lydon,Casbourne
Friederike,Brideoke
Inessa,Grishelyov
Angel,Axtens
Carter,Ludovico
Ralina,Braunds
Maggee,Prisley
Bastien,Fatkin
Torrey,Tunnick
Teirtza,Mashro
Christabel,Scrammage
Gilburt,Edyson
Hestia,Landreth
Sisely,Pitceathly
Aurelea,Khomin
Silvanus,Edsell
Velvet,Danielczyk
Erhard,Shirrell
Betteanne,Maddin
Lexi,Sissens
Ripley,Dinley
Yoshi,Reckhouse
Raimondo,Newcomb
Base,Musson
Durant,Erickson
Ardelis,Piegrome
Reggie,Label
Corette,Ryburn
Nannette,Overnell
Boot,Robyns
Renie,Boat
Merilee,Latek
Stephana,Patnelli
Lorry,Trematick
Kiersten,Nuschke
Barbabra,Birkhead
Vina,Leser
Christiana,Merriott
Perry,Armall
Javier,Mizen
Gertie,Schoroder
Valera,Sleite
Billy,Stonard
Karie,Blythin
Georgia,Brinkworth
Harper,Ledamun
Tabbi,Winstanley
Stuart,Muldowney
Buckie,Cotta
Elinore,Compfort
Stern,Mickan
Berry,Exon
Dulcea,Kinset
Gabby,MacPaik
Hayward,Rudledge
Reginald,Tanner
Rey,Warrack
Esther,Stoeck
Emmery,Syms
Jocelyne,Fodden
Vale,Wellstead
Egan,Mourgue
Aura,Buggy
Kora,Trelevan
Redd,Firminger
Adolphus,Escalera
Jobie,Kenshole
Sigvard,Riding
Doug,Hardwin
Edsel,McKleod
Solly,Legge
Cassie,Hawthorn
Eustace,Tue
Stephana,Dunstan
Wang,Sekulla
Lavena,Heyburn
Leoine,Sandell
Claudius,Duckham
Valentino,Jeandet
Petrina,Alishoner
Mahalia,Congdon
Wynnie,Rodolfi
Ariella,Porkiss
Donnie,Kentwell
Allan,Bensusan
Randa,Iley
Avivah,Baff
Renae,Shoppee
Editha,Fantone
Salomo,Mushett
Michell,Olivas
Kerstin,Truss
Abbe,Dunston
Hersh,Bridgland
Ruthe,Winspur
Harri,Spicer
Tonya,Rosenfelt
Gregory,Arbor
Louis,Greschik
Lacee,Lilywhite
Noby,Click
Dniren,Iowarch
Walsh,MacGettigen
Fidelia,Hillborne
Lamont,Clampett
Virgie,O' Finan
Anabella,Petworth
Lem,Reynoldson
Taffy,Shearn
Johannah,Heath
Martie,Le Moucheux
Erina,Lisciandro
Glenna,Dillingham
Laurena,Hasely
Shani,Fewtrell
Vonnie,Dowbekin
Kevyn,Rimbault
Gustavo,Parcells
Aurel,Standbrooke
Twyla,McFadin
Lorne,Lambourn
Lucy,Falls
Sax,Sall
Kerry,Dawes
Jacquenetta,Waplinton
Shalne,Akrigg
Deb,Macon
Karoly,Monsey
Tommie,Larrat
Debee,Davioud
Leora,Monson
Lombard,Trelevan
Natala,Malser
Stephi,Breach
Jeffy,Bullman
Adelaide,Badam
Trixie,Guiso
Cristionna,Curgenven
Torrie,Gile
Reuven,Studman
Aguistin,Keay
Burtie,Cottesford
Alex,Spacey
Kendall,Jaffa
Webb,Marcham
Freeland,Hansana
Mollee,Crolly
Adrea,Dorian
Jud,Morstatt
Silas,Farley
Kacie,Carlisle
Oberon,Hewson
Tatiana,Riceards
Sophia,Everwin
Gwennie,Acutt
Fielding,Gynni
Christye,Keyho
Lissie,Oulner
Etienne,Hannigan
Morna,Bryers
Marthe,Wotton
Claire,Simonnot
Alis,Caddies
Llywellyn,Bampfield
Sauncho,Joontjes
Annamaria,MacMarcuis
Phoebe,Hebborn
Lizabeth,Bolderson
Madelon,Lockitt
Charmain,Killoran
Tawnya,Goldsbrough
Robinetta,Mitchelson
Gustaf,Tolossi
Dory,Bembrigg
Enrica,Furse
Jena,Dovinson
Ddene,Febvre
Sisely,Hitscher
Hilde,Battrick
Darryl,Hanster
Horace,Balme
Bowie,Chadderton
Henrik,Segges
Phil,Luberti
Talbert,Guiett
Caryn,Graver
Evered,Kremer
Callean,Guisot
Agna,Thundercliffe
Rudy,Barrick
Jefferey,Camis
Alayne,McIlvaney
Juliane,Camilli
Taddeo,Farrin
Rosemary,Dawidowsky
Rube,Bownd
Lianna,Georgiev
Bogey,Nezey
Juli,Fruchon
Ofelia,Tatlock
Larine,Jaskiewicz
Lennie,Broadley
Sarge,Holborn
Jilly,Largent
Giralda,Rice
Gaylor,Skedgell
Isa,Vorley
Clayton,Colvie
Codie,Edgington
Cynthea,Lofthouse
Danni,Adenet
Pauli,Kneller
Leisha,Calow
Eugenius,Morales
Emelina,Cahalan
Sam,Stanyan
Kennett,Mechan
Lonny,Wison
Claude,Curson
Ferdy,Maisey
Lovell,Foy
Ruggiero,Garcia
Audry,Rabier
Pietro,Hambatch
Jacquenetta,Mullally
Tobe,Moral
Glynda,Vasyukov
Sophie,Kremer
Viviene,Crossingham
Elwood,Gawkes
Tamera,Towner
Kelby,Phetteplace
Harlen,Titherington
Salomo,Marchi
Kaile,Gossage
Jackelyn,Mandifield
Guinna,Gurdon
Kellie,Gaitone
Anna,Kach
Shawn,Baldelli
Francene,Dimitresco
Raff,Hryniewicz
Marcelline,Stammers
Fleurette,Wandrach
Maure,McOwen
Parnell,Joinsey
Farlay,Blacklock
Johann,Shailer
Yolande,Pooke
Marnia,Berthon
Liesa,Praundl
Debera,Gianilli
Orazio,Timcke
Rozalin,Cordeiro
Kathleen,Ommanney
Robbin,Worpole
Arlie,Ambroz
Vitoria,Cashen
Farra,Wiper
Diann,Pask
Humphrey,Jiru
Levy,Amyes
Adriaens,Playle
Lita,Southey
Lief,Slocomb
Marilin,Derry
Yelena,Labeuil
Alanah,Burrus
Renado,Pavkovic
Raymond,Lammers
Urson,Roblin
Norman,Soloway
Catlee,Lghan
Avie,Gibbens
Bobbie,Coatham
Keefer,Frandsen
Cary,Jirsa
Heinrik,Spackman
Tessie,Raubenheim
Thorin,Aldie
Rosabel,Milton
Hulda,Degenhardt
Aeriela,Firks
Suzann,Fillis
Brandais,Simper
Yancey,Shapira
Gill,Issit
Ev,Czadla
Jarret,Curless
Wilmar,Marrion
Kingsly,Lapworth
Michal,Rowberry
Torie,Gecke
Winthrop,Forri
Tamas,Bernardelli
Deana,Rusling
Rebbecca,Sandiland
Lee,Brandacci
Jacynth,Saxon
Agnola,Jado
Anabella,Leyban
Leona,Cowlin
Kellen,Corzor
Hildegaard,McOnie
Bendicty,Magill
Noemi,Gaywood
Ermengarde,Anfosso
Geneva,Scarlon
Finley,Caghan
Ricoriki,Ludl
Lisabeth,Vannacci
Tiffy,Grzelewski
Bard,Marciskewski
Zorine,Hughs
Lorry,St Ledger
Lethia,De Metz
Johanna,Barkway
Butch,Sivell
Malva,Brunner
Reeta,Takos
Nike,Stellin
Gustie,Cyster
Thomasina,Martel
Aidan,Deans
Bran,Lodford
Susette,Macvain
Winthrop,Kerner
Coleen,Ellacombe
Darcey,Bebbington
Durante,Enticknap
Jacky,Lemary
Zelda,Jenton
Astrix,Kluge
Grannie,Tithecote
Grenville,Priter
Helen,Wheble
Carling,Bastow
Valentin,Villa
Jacky,Brunotti
Carmelina,Beadle
Maisie,Beecham
Norine,Povele
Rosalyn,Lindenman
Willard,Bagot
Stephanus,Vogeler
Cosmo,Hallock
Lucille,Moultrie
Dougie,Thorsby
Roosevelt,Dewerson
Willetta,Ratcliff
Kass,Oxbury
Amabelle,Descroix
Lucio,Dandie
Nate,Critchley
Brittan,Forgie
Idette,Plascott
Calley,Taleworth
Ira,Bucknill
Leelah,Gambie
Craggy,Forrestill
Fergus,Keig
Jerry,Willimott
Warde,Clive
Auroora,Jeannon
Horst,Tommeo
Kinny,Pherps
Gerry,Redmore
Nicol,Sabathier
Stanton,Girvin
Torrie,Schreurs
Terrill,Thickens
Donna,Stollenbeck
Gasparo,Brave
Herta,Laborda
Rianon,Joy
Cody,Betterton
Nomi,Starkings
Berny,Sumnall
Cad,Zettler
Liv,Nicol
Marcos,Caffrey
Nelie,Southcott
Riane,Capron
Shae,Bromhead
Filide,Dreghorn
Daven,Milillo
Brocky,Scrivens
Benni,Madgewick
Dix,Barde
Farr,Tribe
Weylin,Mc Ilory
Jobey,Lebell
Trevar,Loch
Emlen,Fritschel
Lane,Deboo
Gabriele,Smorthit
Cassandra,Borrill
Marie,Guisby
Ely,Rallings
Mellisent,Kermon
Giovanna,Macconaghy
Farand,Jiroudek
Fraser,Critoph
Pavla,Duinbleton
Alain,Muffitt
Sioux,O'Gavin
Alic,Dobbyn
Willyt,Karpf
Aurlie,Sharple
Bernie,Braisted
Lyndsey,Vivash
Brien,Purdie
Happy,Bryning
Solly,Lucy
Robb,Burbank
Ariel,Chaney
Winfield,Koene
Sybila,Bartosiak
Noby,Genike
Jarred,Stoneley
Elly,Shellsheere
Joey,Delgardo
Abbey,Deaconson
Staffard,Terren
Philippe,Rounds
Carver,Ellam
Andrej,Kulvear
Ronna,Detheridge
Tommy,Quarrell
Enos,Yokley
Eula,Corain
Imogene,Aleso
Bobbe,Keener
Ichabod,Rojahn
Hailee,Perett
Jasmina,Brisley
Bethina,Beare
Nestor,Parncutt
Dominique,Yaknov
Tildie,Hardisty
Rodi,Silversmidt
Carry,Penhearow
Kristyn,Yedall
Natalya,McCotter
Franzen,McOmish
Edee,Thuillier
Georgeanne,Englefield
Cornie,Skellington
Winna,Lapwood
Valentia,Springle
Ira,Cours
Augusto,Manass
Jo-anne,Petris
Erda,Bernholt
Bartolemo,Snook
Kristo,Daile
Kirby,Pacey
Juliann,Landreth
Isabel,Wilce
Gloria,Baison
Birgit,Fullalove
Sergeant,Romushkin
Immanuel,Gristwood
Christal,Prator
Philippine,Cheston
Becky,Greenroa
Devan,Pywell
Garrott,Kenwin
Estrella,Francesco
Basilio,Dayly
Mollee,Krollman
Berget,Puffett
Mathilda,Heak
Lelah,Muir
Oliver,Dunnan
Stanislaus,Eisig
Pegeen,Tetley
Waylan,Livesay
Cindra,Sprulls
Cicily,Birdsey
Luis,Delafoy
Kathryne,Huyche
Kaylil,Chrestien
Harwilll,Collings
Wanda,Sekulla
Emogene,Medd
Brennan,Husselbee
Louise,Varty
Roxine,Kobel
Gannon,Sturge
Valentina,Rouby
Gavin,Erley
Philbert,Gennrich
Curtis,Costelow
Johnny,Sivior
Evie,Vernazza
Gino,Varran
Fernanda,Brough
Benjie,Cannings
Gilbert,Bexon
Duane,Sommerled
Leanor,Gut
Amery,Gloyens
Travers,Peever
Tim,Joppich
Daniele,Davidowich
Cly,Style
Janaye,Balcers
Janean,Gethings
Josephina,Kemwall
Clement,Key
Alfreda,Flageul
Binky,Arndell
Tynan,Harkins
Debor,Sobieski
Zulema,Jenkin
Kristoffer,Hosburn
Corabella,Blandamore
Deloria,Iskowitz
Koral,Sarfas
Kile,Binny
Christine,Sanders
Tessa,Salliere
Kristen,Kuhnel
Winne,Putson
Jareb,Fann
Ted,Careswell
Cordula,Ladd
Elset,Forre
Dorotea,Dyball
Sandro,Drewe
Jeffrey,Basden
Leda,Collier
Charlotta,Laxon
Kingsly,Troake
Kylila,Pakenham
Aurelea,Bascombe
Esteban,Goublier
Deonne,Lorking
Marylynne,Dumblton
Joannes,Engall
Brook,Miklem
Trueman,Huckster
Brande,Becerro
Bent,Echelle
Adolphus,Mullin
Aldridge,Limb
Hildegarde,Carlon
Bette-ann,Nerne
Kalle,Blankhorn
Clair,Rosoni
Tabb,Gurwood
Burty,McCumesky
Rolando,Dorman
Marleen,Bolens
Gabriel,Bettley
Nikkie,Verissimo
Ninnette,Braundt
Rockey,Bruton
Hube,Fripps
Cristobal,Menichi
Winfred,MacPake
Giulia,Vignaux
Hedwiga,Lain
Lief,Tomlins
Guinna,Andrelli
Windham,Bellany
Ross,Scrafton
Emelda,McConnel
Armstrong,Casaccia
Chiquia,Stoad
Viki,Authers
Christine,Salla
Dulcie,Filmer
Jaime,Merriman
Windy,Bartleet
Ilaire,Edland
Regina,Hay
Giffard,Levermore
Rheta,MacCleay
Vally,Wigg
Chelsae,Edgars
Dodi,Domelow
Garret,Bartoloma
Abraham,Walcot
Rosalind,Cliff
Hal,Curzey
Lotta,Toffler
Maxy,Wase
Rachele,Whitby
Conway,Brenard
Eleanore,Bim
Zarah,Carpmile
Ingmar,Paul
Jobi,McLagain
Amble,Hall
Barnabas,Cripps
Diandra,Pasby
Melessa,Redfearn
Guinevere,Challiner
Flory,Von Gladbach
Alyson,Kochl
Nevins,Lumsdaine
Aguie,Lergan
Michaeline,Timlett
Kippy,Hannant
Marthe,Darthe
Larry,Radleigh
Kristal,Humpatch
Lynea,Sywell
Clair,Escudier
Orran,Woodings
Angelita,Danzelman
Abba,Clackson
Ezekiel,Stonhewer
Hortense,Riggoll
Tandy,Archdeckne
Culver,Bortol
Ailee,Dearnaley
Bella,Calven
Teresa,Serchwell
Ruthi,Shire
Dalton,Gallahar
Andre,Tuppeny
Bailey,Ostler
Devon,Runnett
Linoel,Collins
Carma,Dunckley
Aaren,Gecke
Ned,Caulcott
Washington,Figgs
Raynor,Winspurr
Jared,Deroche
Corri,Haggar
Barron,Kalvin
Freddi,Dunphy
Oralie,Crighten
Patricio,Carass
Ambrosio,Ormiston
Jacquette,Lindenman
Shelden,Thewys
Matthus,Shank
Celisse,Burch
Othello,Binding
Cyrus,Crackett
Dinny,Le Grys
Jennica,Devanny
Richy,Brombell
Bren,Glassopp
Calypso,Theuss
Arther,Boffin
Abdul,Stampe
Lianne,Mailes
Aristotle,Behrend
Carlo,Bertholin
Jane,Noquet
Gladi,Kupis
Zackariah,Tosney
Massimo,Deluca
Lindy,MacSporran
Tiffie,Jopp
Kandy,Guerrazzi
Wiley,Anderton
Meg,Surgeon
Kippie,Naper
Dill,Rangell
Harmon,Duly
Noni,Gronav
Giffard,Heindl
Erik,Tulloch
Bell,Skeates
Jordan,Rollason
Joshua,Vautre
Roberto,Babin
Trefor,Iianon
Rikki,Whitley
Ira,Edmead
Patty,Tatton
Mickey,Brands
James,Lawty
Ruth,Coaster
Giorgia,Benezet
Pepito,Burdikin
Laryssa,Miskin
Benita,Eilles
Hephzibah,Howard
Kora,Fife
Marshall,Pirrey
Nicolais,Girardin
Selig,Saldler
Kassia,McPeice
Regina,MacAndie
Findlay,Bygraves
Sigmund,Suermeier
Issiah,Faircloth
Jesse,Kohler
Kora,Pollicatt
Kinsley,Laviste
Mariya,Scaplehorn
Vitoria,Got
Ardith,Phelit
Edith,Tawn
Kameko,Townby
Trula,MacCollom
Wandis,Yearnsley
Nola,Harse
Adham,Bengtsson
Austine,Beringer
Myrtia,Morales
Auria,Eayrs
Tracey,Livett
Thom,Gentzsch
Beatrice,Lawther
Jerrilee,Aldrin
Andrea,Balhatchet
Ulberto,O'Connell
Marta,Mangeot
Ashlee,Klementz
Laverne,Bryce
Brandais,Sivil
Jenny,Mebes
Etienne,McGifford
Janos,Frayne
Gabey,Rainton
Willetta,Twidle
Abba,Hoyer
Hube,Raigatt
Sawyer,Coldman
Harmon,Longmire
Wayland,MacAdam
Aleksandr,Konertz
Jocelin,Hursthouse
Merrill,Gehrtz
Bealle,Larraway
Tam,Oats
Jan,Warbey
Elizabeth,Vest
Bambi,Gland
Mikel,Wilde
Karoly,Dudny
Elysha,Paaso
Wilmar,Feechan
Rainer,Hemeret
Shara,Eteen
Evie,Stote
Whit,Arnfield
Martino,Kail
Alexina,Colafate
Freeman,Petrishchev
Anastasie,Robert
Anallese,Falcus
Caroljean,Stebles
Nye,Simeoli
Doria,Crozier
Estell,Braffington
Allan,Dowers
Gnni,McLanaghan
Constantino,Sandwich
Bearnard,Domelow
Angelia,Olin
Grier,Kilgallen
Miguelita,Curnock
Sonny,Giorgietto
Terrijo,Conichie
Fabio,Urian
Merle,Avramovitz
Dare,Catlow
Zabrina,Plumm
Lotti,Fordy
Syd,McWaters
Daisi,Beere
Bink,Sextone
Devora,Knowlton
Eden,Chaperling
Anastasie,Brettor
Glyn,Thorrold
Carola,Lazer
Moise,Waskett
Vernor,Jarville
Jammie,Dory
Ty,Kilmurry
Cyrillus,Collier
Hillary,Broomhead
Milty,Giacobini
Terri-jo,Essam
Hillery,Swann
Kimball,Medd
Kippie,Caldron
Jose,Rillstone
Gayler,Whale
Camile,Keizman
Loren,Janc
Mozes,King
Dorolisa,Siviour
Buddy,Collard
Daffi,Gotcliff
Sherrie,Haggart
Xaviera,Tuckwell
Sherman,Twamley
Eilis,Nangle
Susanna,Hatz
Constantine,Petrosian
Margret,Echalier
Hans,Boardman
Gareth,Wailes
Bellanca,Whatson
Curtis,Mathon
Nathalia,Lewcock
Krissy,Yearron
Fredrick,Brydon
Zebulen,Cristea
Filberto,Kiera
Paulie,Bartosiak
Celestine,Earngy
Tobye,Bertolaccini
Emmi,Yoslowitz
Jeremiah,Twiddle
Vivi,Deniseau
Augie,Fransewich
Farlie,Eason
Rhona,Jeffers
Bevin,Leighfield
Greta,Ashcroft
Clayton,Crowthe
Balduin,Cardello
Falkner,Moss
Borg,Gossage
Ancell,Elis
Ailene,Mazillius
Germana,Tuson
Lindsey,Toderini
Pru,Hannay
Ysabel,Shew
Orel,Espine
Ermentrude,Witch
Francisco,Acors
Cullie,Runcieman
Cassius,Cicconettii
Patrick,Scowcroft
Chrissy,Tomasicchio
Aindrea,Dachey
Harli,Bostick
Yvonne,Leggen
Tera,Marchington
Cecil,Coombes
Torey,Ponting
Ronna,Moralee
Naomi,Bendare
Ali,Smithson
Wylma,Klaus
Svend,Shoebridge
Zoe,Cudbertson
Mona,Aspall
Michele,Coulthurst
Fons,Eynaud
Dexter,Veryan
Mildrid,Gregoraci
Dorothy,Ewbanche
Rand,Blanc
Tiena,Gasnoll
Valentin,Sturley
Kalindi,Rought
Killie,Blincowe
Daniele,Sterricks
Broddy,Sanper
Rosemonde,Greenard
Carlee,Estevez
Gerry,Hannaford
Antonino,Byrom
Nathanial,Gioan
Adoree,Grotty
Anjela,Woodyer
Teador,Grimwood
Dominica,Dykas
Natividad,Pursglove
Nelli,Brill
Fielding,Ellicock
Aida,Eagger
Koral,Batrop
Colin,Myderscough
Sayres,Folder
Ozzie,Cabena
Westbrook,Lightwing
Cesare,Caughte
Taffy,Ilyas
Shauna,Camelin
Tiffanie,Coltart
Bastien,Hoyes
Elena,Morforth
Dalston,Pendergast
Sampson,Carwithan
Jock,Coenraets
Peterus,Meiklejohn
David,Garrett
Ardelis,Fife
Yvor,Pietrowski
Kikelia,Prettyjohns
Sibyl,Berni
Jobye,Laxson
Roslyn,Aire
Barnett,Geertz
Kristel,Shutle
Melania,Everson
Cherin,Fells
Joell,Abrahamsen
Ludvig,Putton
Warden,Willoughby
Ailene,Bellamy
Jori,Oganian
Any,Old
Hammad,Dict
Simeon,Kose
Guido,Lorrimer
Michaelina,Newsham
Cirilo,Donner
Elly,Twinn
Christel,Ortega
Izzy,Morehall
Miguel,Jedrzaszkiewicz
Damita,Petracco
Anjanette,Yggo
Iolande,Alejandre
Evelyn,Rignoldes
Sylvia,Calladine
Margaretha,Roostan
Gaston,Knappett
Merrick,Kleine
Baxy,Fills
Theodosia,Rubinovitsch
Vidovic,Harbert
Stewart,Suffield
Micheal,Asmus
Burgess,Duer
Gloriana,Punch
Nicolea,Stealey
Florance,Aizik
Nicolea,Brandone
Gussy,Quirke
Katrinka,Germaine
Sigmund,Heyns
Currey,Havik
Allianora,Eastway
Aubrette,Veillard
Ellery,MacQuaker
Windy,Lazenby
Nicholle,Miskimmon
Willette,Lilywhite
Janis,Vescovini
Maryl,Faithfull
Agna,Agott
Babbie,Sussems
Ilyse,Flegg
Nelly,Easom
Orella,Ledwith
Vyky,Hunton
Wilton,Danniel
Sofie,Dulwitch
Lyman,Lampert
Rubia,Bryning
Tarra,Baynton
Rey,Demange
Alford,Kane
Siana,Millwater
Vasilis,Dinwoodie
Cosette,Stivens
Alma,Espinazo
Pierrette,McGinnis
Cyndi,St Leger
Bank,Varfalameev
Janek,Drivers
Agnella,Riccioppo
Meara,Capoun
Brianne,Izzat
Susana,Hawkings
Orton,Hanning
Nathanael,Joy
Leia,Hyne
Baudoin,Diemer
Kassi,Morena
Stevena,Seiffert
Olwen,Rowston
Barron,Sparshatt
Elena,Willcock
Morissa,Eve
Caroljean,McCoish
Gustavus,Rawling
Hube,Gerritsma
Olav,Dannehl
Angel,Cummings
Leroy,Kenson
Kerrin,Felder
Mose,Belshaw
Juana,Marns
Gaile,Pegram
Percival,Tuther
Enrique,Merredy
Jorrie,Canton
Ulrikaumeko,Britzius
Alfy,Treswell
Hussein,Giacovazzo
Lissa,Imloch
Birch,Donet
Lorne,Mursell
Konstanze,Oggers
Marabel,Cadore
Siffre,Pidduck
Brianne,Dabney
Starlin,Cocozza
Wilhelmine,Matskevich
Graig,Cauthra
Upton,Steers
Phillip,Mournian
Kris,Hammett
Raymund,Vannoort
Eduard,Cordaroy
Benn,Espinet
Orson,Allerton
Caron,Garside
Jodi,Meddows
Cindie,Barney
Nelson,Cohani
Ignazio,Duckerin
Vergil,Melbert
Fidelity,Francomb
Hadlee,Sackes
Oswald,Adcock
Erek,Pretswell
Garik,Gealy
Rochell,Longmaid
Rowen,Daviot
Juli,Jupe
Dusty,Stebbings
Etienne,Clymo
Mariska,Budik
Carolynn,Gatlin
Lynde,Fitchett
Elnore,Pherps
Mella,Playford
Kiele,McGiff
Pen,Radbone
Adena,Greenhalgh
Adriaens,Tallon
Clemmy,Gillinghams
Zarla,Giroldo
Imojean,Cameli
Sibley,Tugwell
Gratia,Fazakerley
Decca,de Tocqueville
Herrick,Antonovic
Astrid,Pietasch
Angie,Lytle
Emalee,Bontoft
Gregorio,Clother
Reba,Ruffy
Cesar,Filippi
Byron,Rizzillo
Quincey,Storry
Susi,Amey
Babette,Mountstephen
Jerome,Pepon
Jo-anne,Chifney
Siana,Midlane
Sabine,Tilley
Magda,Ashpital
Ewen,Tollett
Ogdan,Dodgson
Andeee,Siebert
Rhiamon,Sketch
Lizzie,Hazard
Jean,Jesson
Arlee,Wellbelove
Flo,Glasebrook
Naomi,Withinshaw
Leena,Frushard
Elyssa,Kassman
Elroy,Hubane
Elane,Kaszper
Marylee,Gilks
Evangelia,Bemand
Irvine,Batterham
Ferrel,Macewan
Blondy,Ceyssen
Bernie,Awde
Zarah,Gayton
Lelah,Wisdom
Yankee,Medford
Jermayne,Clever
Anabella,Ruffey
Kelsy,Brands
Sigismond,Tinsley
Lilly,Marsie
Lonnie,Balnave
Arlette,Doldon
Nikki,Gethen
Kelly,Pitkins
Annmarie,Youson
Kean,Allmann
Merrick,Perryman
Garfield,Tarpey
Packston,Esel
Aurthur,Polgreen
Lizzie,Manktelow
Edyth,Glisenan
Cheston,Smeeth
Lorenza,Coye
Lainey,Hearmon
Salomon,Rowbury
Clemmie,Andri
Corbett,McAw
Missy,Spilstead
Izaak,Spino
Rorie,Howlett
Janna,McPaik
Chas,Keme
Gwen,Jeacop
Kacie,Gillet
Rozanna,Loudyan
Marsiella,Reddecliffe
Agnese,Oury
Kellia,Buttwell
Raquela,Labrenz
Rowland,Ranaghan
Auguste,Roan
Codie,Tombleson
Lexine,Bodiam
Dayna,Ilem
Meyer,Goldsworthy
Ulrich,Jowers
Johnathan,Trill
Candy,Giorgeschi
Emilia,Boriston
Joanna,Acklands
Emmery,Boskell
Meggy,Caser
Aggy,Aylward
Jacquelin,Jendas
Roselle,Frow
Agosto,Trammel
Jarrod,Bissett
Clemmy,Matthias
Tuesday,Minter
Giordano,Philcott
Fina,Catchpole
Lauren,Gravie
Georgy,Phizackerly
Farlie,Killwick
Symon,Emer
Gottfried,Jolin
Harriette,Cartman
Redford,Maber
Aviva,Yanshinov
Kissiah,Head
Eddie,Garric
Leeanne,Petzold
Emile,Fieldstone
Katie,Taffarello
Kelbee,Gaw
Emerson,Cassin
Honey,McCullen
Shellysheldon,Botler
Margareta,Vallack
Ben,Braunston
Loria,Duxbury
Timofei,McGuirk
Cris,Diehn
Rivalee,Ethington
Modestia,Paxforde
Joachim,Wintersgill
Pam,Kyrkeman
Lyn,Kerner
Pryce,Manie
Wylie,Yeend
Creight,Morena
Christiana,Yankov
Julianne,Hinkes
Marcela,Verdie
Nicolea,Pearsall
Michail,Baumann
Weider,Shayler
Chloe,Evens
Emery,Gemmill
Isacco,Iashvili
Hermann,Sellwood
Freddi,Masterton
Stephie,Vango
Olympe,Woollcott
Essie,Glenton
Kenton,Collingridge
Carson,Pappin
Gabbie,McCaffery
Reena,Rubens
Austine,Gulleford
Becky,Cronshaw
Diannne,Mate
Raviv,McDermott-Row
Ewell,Mabbott
Monte,Sandell
Sherie,Dunthorn
Laureen,Tideswell
Rivalee,Bewsey
Horatio,Raigatt
Taite,Barkway
Zola,Costelloe
Quintana,McCarver
Currie,Lamden
Alphonso,Stooders
Jaquelin,Dairton
Maggee,Lorenz
Ravi,Wittier
Akim,Murr
Caitrin,Brute
Tarrance,Mashro
Cathlene,Stickney
Gwen,Skews
Forster,Soppeth
Kelby,Bernardelli
Genny,Guilliatt
Georas,Ovitts
Anabal,Barriball
Cicely,Ivetts
Shina,Wisedale
Luz,Blaisdell
Sergei,Megroff
Sheree,Maryin
Esther,Ungerer
Innis,Bendle
Georges,Ragsdale
Lynea,Kench
Hyman,Semeniuk
Gibb,Rousell
Chantal,Vasyunkin
Ursola,Merryman
Alaine,Taylder
Godwin,Buy
Koren,Rome
Mollee,Alvarado
Link,Sloper
Rea,Narrie
Byrann,Devanny
Rosamond,Rogerot
Nicolina,Kiossel
Tallou,Jutson
Loretta,Hainsworth
Earle,Huster
Melonie,Harwin
Whittaker,Khristoforov
Freddi,Moneypenny
Morgen,Bagott
Jaquenetta,Tainton
Broderick,Cavanaugh
Ruthi,Bennit
Porty,Casiroli
Leesa,Mount
Dori,Seeborne
Sile,Rolstone
Inglebert,Henningham
Fabe,Tuma
Saba,Redemile
Krystyna,Seel
Susana,MacCourt
Alistair,Donnison
Edyth,Warin
Murdoch,Dombrell
Albrecht,Beardwell
Seline,Dupoy
Clint,Mecchi
Massimo,Halfhyde
Whitney,Kelk
Daryn,Verling
Koral,Trundler
Correy,Pobjay
Truda,Tremolieres
Vinni,Marciskewski
Bailie,Brimman
Philbert,Bourges
Harv,Schruur
Aksel,Seabourne
Aldwin,Huey
Reed,McKeran
Chandal,Deverill
Jonathon,Everly
Marline,Peffer
Romy,Swallow
Margy,Yukhnini
Dennie,Lilbourne
Beverie,Larrat
Barbra,Pickerill
Raychel,Passie
Hinda,Axtell
Lynelle,Redhead
Sonny,Mosedall
Floyd,Warnock
Trumann,Olive
Ruy,Smullen
Chane,Bahls
Konrad,McQueen
Leonardo,Schott
Thalia,Plumm
Stacy,Twinbrow
Dannie,Oguz
Erica,Lickess
Margaretta,Atmore
Thadeus,Ainscow
Bret,Tackell
Ozzy,Vawton
Trev,Crowdy
Bastian,Cranmere
Putnam,Reek
Helenelizabeth,D'Enrico
Granthem,Utting
Tadeo,Filippo
Adair,Barhem
Ella,Hillum
Orsa,Lillyman
Silvain,Renbold
Jeremy,Markson
Zachariah,Whitlock
Cathi,Meysham
Kerr,Wait
Archibaldo,Keating
Ines,Budd
Angel,Capponer
Lana,MacParlan
Wallie,Pedrielli
Aldo,Cutriss
Theodora,Cressey
Court,MacAnulty
Stanislas,Hark
Carley,Manolov
Lucretia,Snawden
Sallyanne,Looker
Frederick,Linge
Simonne,Phidgin
Melicent,Nealand
Jared,Edmeades
Jelene,Di Pietro
Dara,Petcher
Terrance,Brewer
Bren,Lambell
Tammie,Camilleri
Clemence,Peddersen
Vin,By
Nicky,Evelyn
Gannon,Byles
Hynda,Tabord
Emmalynn,MacFall
Jaynell,Etty
Berget,Bonanno
Arv,Boss
Marlyn,Gaze
Halli,Ogger
Ricca,Jeanesson
Christine,Whitehurst
Leslie,Jirusek
Theadora,Stovell
Lovell,Lynd
Dot,D'Angeli
Xenia,Klimp
Chiarra,Rennard
Dawna,Callard
Griswold,Doogue
Allayne,Riccelli
Sunshine,Braisby
Ham,Naisbet
Georgina,Mcasparan
Neron,Vittore
Pammy,Millis
Brynn,Coombs
Howey,Drummer
Fidelia,Chilcott
Rivkah,Lovick
Jennette,Jobbing
Abie,Chessman
Baldwin,Cornwell
Rianon,Bridgland
Enrichetta,Godball
Debby,Gatlin
Tann,Banaszczyk
Rurik,Speerman
Derby,Stirman
Dallas,Isaaksohn
Ravid,Ashburne
Edouard,Acum
Fredericka,Rodmell
Emalia,Handlin
Tadio,Heathwood
Cooper,Durban
Griswold,Gannan
Isidor,Ballham
Nikos,Hourigan
Temp,Bellinger
Berty,Carriage
Sergei,Lindstedt
Veronique,Bautiste
Annabell,Ronaldson
Pincas,Cobley
Florinda,Buck
Wallis,Plett
Marrissa,Fargie
Woodie,Carsey
Vittoria,Kennet
Clem,Chater
Gibby,Squeers
Lil,Loddon
Bernetta,Bingle
Ephraim,Conisbee
Luciano,Chaundy
Adelaida,Phythien
Cozmo,Skalls
Minette,Hallatt
Llewellyn,Prettjohn
Rosalind,Glantz
Alfie,Acedo
Jilleen,Pochet
Maurine,Dunseath
Frants,Benson
Roxine,WelburnMarnie,Kopacek
Augusta,Skains
Ag,Bernardos
Jania,Skyme
Bari,Cariss
Normie,Pidler
Nicolais,Tidmarsh
Shea,Bertlin
Emilee,Goude
Catherin,Menear
Ulises,Highman
Allis,Angrove
Ferdinand,Shotter
Wolfy,Campa
Jonathan,Cleft
Northrup,Dilliway
Rhett,Matterdace
Tani,Saylor
Keefe,Hayhoe
Kriste,Jeffery
Obadiah,Snaddin
Cornelle,Ewington
Irvine,Blakebrough
Ines,Oades
Randie,Grealish
Zane,Hamber
Thorstein,Whittam
Shurlock,Le - Count
Jermaine,Borthwick
Melody,Middleditch
Franz,Foynes
Modesta,Ternott
Kennan,Casellas
Fae,Waleworke
Sharona,Littlekit
Vite,Renvoise
Maggi,Doutch
Benjamen,McKern
Uta,Suddards
Biddy,Briereton
Hermina,Picheford
Ber,Metrick
Phylys,Waller-Bridge
Byran,Tompkiss
Clarine,Spooner
Llywellyn,Schaffel
Rik,Schultes
Gale,Duck
Carlota,Gudgen
Karlen,Sutherby
Perren,Matthai
Ianthe,Belford
Ulises,Secret
Marlie,Leber
Estrellita,Ciotti
Gregoor,Yeardsley
Ashien,Rany
Quinta,Phette
Cameron,Rappaport
Hali,Brimilcombe
Delia,Fradgley
Vida,Riply
Bianka,Beckham
Danella,Cristobal
Leupold,Quenby
Lynette,Sumpter
Marion,Awdry
Grete,Semken
Donna,Sumner
Hedi,Lowden
Merill,Ketteringham
Koo,Erbain
Bernadene,Sicely
Henrie,Gates
Ronnie,Berdale
Abner,Tripean
Ally,Kitching
Drusie,Livsey
Boot,Moule
Emmi,Benford
Hildegarde,Chesney
Taryn,Wicken
Jennica,Kropp
Dwight,Rudd
Shantee,De Zuani
Sayre,Longthorne
Pren,Anglin
Feodora,Gebb
Nester,Morriss
Lea,Castagnet
Noah,Beaudry
Emilio,Reynoollds
Wolfgang,Jewson
Pebrook,Bucham
Delmar,McDonell
Kalindi,Wilden
Abraham,Abthorpe
Price,Jullian
Beverlie,Snar
Ibbie,Camamile
Guss,Szanto
Romola,Wroughton
Teena,Hainsworth
Donetta,Welsh
Franklyn,Kuhlmey
Ollie,Casotti
Jamison,Geraghty
Maureen,Mehew
Florella,Somerfield
Robinetta,Muckleston
Janean,Bedell
Marco,McCurtin
Rod,Novakovic
Zarah,Stucke
Carmelita,Dearnly
Lindy,Estick
Lev,McAree
Winnie,Wiskar
Rozanna,Bunyard
Persis,Thiese
Melesa,Sammon
Lombard,Treske
Welch,Schenfisch
Lezlie,Honisch
Vernon,Kits
Sholom,Petrulis
Dorolice,Pavese
Lorry,Yanyshev
Katherine,Rembrandt
Giacomo,Scullion
Crin,Duffet
Stanley,Sandcroft
Eirena,Gulleford
Klement,Westmancoat
Gretel,McIlvenny
Marcos,Neilan
Rutter,Ballin
Gray,Trounce
Blane,Rizzardi
Alayne,Yoseloff
Agata,MacCallum
Claudetta,Brick
Veronique,Duny
Fanni,Wildblood
Enos,Comport
Babita,Valder
Marice,Bullene
Emmit,Hebbes
Lavina,Skipper
Nadiya,Gascone
Bartlett,O'Hanley
Trista,Mc Faul
Harwell,Pond
Luis,Tattam
Ulla,Dyhouse
Aimil,Gayton
Margarette,McGhie
Elsie,Flewin
Bunny,Wellstead
Gabriellia,Lawrenceson
Cletis,Gowenlock
Hanni,Speechley
Fanechka,Kynan
Heath,Wyre
Clemmy,Goddman
Fulton,Bullier
Matthieu,Hurne
Rana,Beri
Jeff,Offa
Sindee,Cooksey
Spencer,Abelevitz
Alexandre,Porcas
Flossi,Gainor
Zacharia,Betun
Trent,Baudain
Alfy,Hewes
Harwell,Burnie
Ruy,Aysik
Pennie,O' Dooley
Pace,Metzing
Chloette,Ipwell
Jarrad,Cockerham
Dede,Schorah
Agathe,Bolus
Petronella,Killelea
Dominique,Pilipyak
Reade,Dacres
Aylmer,Critchlow
Janka,Gallahar
Adena,Bosdet
Brandon,Americi
Ad,Bonwell
Janey,Grimsdale
Nanni,Noblet
Brand,Newtown
Kariotta,Adolfson
Risa,Naris
Richmound,Malenoir
Eberto,Farge
Uriel,Stratz
Merridie,Dozdill
Maddi,Potter
Celestine,Boseley
Ellie,Tettersell
Amata,Neeves
Florida,Bathurst
Ira,Whytock
Devland,Tewkesbury
Gregor,Matteo
Flory,Petrozzi
Jodi,Dilland
Grazia,Court
Mala,Donneely
Edgardo,Gilchrest
Damara,Blackeby
Valle,Cowap
Dominica,Yukhnevich
Rasia,Joskovitch
Emmalyn,Gowry
Ede,Westmarland
Cazzie,Sheriff
Celie,Janzen
Rob,Goodbourn
Sula,Fouldes
Georgiana,Mouget
Stoddard,Breadmore
Pammi,Toffoletto
Garret,Barosch
Augustus,Merryfield
Tobiah,McCree
Chandal,Claque
Hugues,Reboulet
Tasha,McKillop
Emilie,Spurgin
Meriel,McDowell
Didi,Stonestreet
Zedekiah,Sarfatti
Isador,Lambillion
Roseann,Clere
Augustine,Jovic
Cal,Hall-Gough
Rollin,Labba
Muhammad,Castro
Evvy,Bastable
Almeda,Tubridy
Robenia,Brusin
Shermie,Grier
Shelden,Clashe
Karine,Crome
Bay,Bohler
Elliot,Danilyak
Bertrando,Abramovici
Daniele,Joseph
Shawn,Christophersen
Kirsten,Kochl
Burnaby,Bridgland
Genvieve,Pretty
Brendan,Sherbourne
Annecorinne,Dondon
Josh,Munning
Alfonso,Lamperd
Olivier,Kemsley
Jackie,Stubbes
Robers,Madrell
Nickola,Maven
Shawn,De Domenicis
Davie,Spurryer
Maudie,Blethyn
Tyrus,Gerasch
Graeme,Blatcher
Leia,Belcham
Josephina,Luchetti
Northrup,Blacket
Gustavus,Last
Marc,Schubuser
Celia,Glading
Joscelin,Revey
Darda,Vidyapin
Byron,Gremane
Horatio,Dunston
Kelly,Charity
Ranique,Regus
Taber,Gapper
Carmella,Haggard
Noak,Marryatt
Johny,Kershaw
Cort,Van Castele
Daron,Carroll
Chicky,Baldacchi
Des,Pendell
Barbie,Scarsbrooke
Frans,Kampshell
Nero,Staunton
Rachele,McManamon
Vivie,Tower
Nickolaus,de Voiels
Forester,Tetther
Nanni,McKinty
Myriam,Nesfield
Suzanna,Trownson
Desiree,Chater
Gladi,Grigorushkin
Dallis,Siaspinski
Corabella,Castelyn
Lester,Shaw
Catie,Bareham
Laney,Killelay
Luella,Ivamy
Idelle,Philpin
Lyman,Grassin
Brooke,Thornebarrow
Mickey,Kloser
Emera,Clash
Hamil,Micheli
Arvie,Arundel
Daron,Huntingford
Ayn,Jiruca
Damian,Gobeaux
Claudell,Lacer
Tracie,Garvin
Chandra,Roelvink
Torrie,Sambells
Vonny,Deeble
Sauncho,McLucky
Dewain,Wellstood
Llywellyn,Culcheth
Merrielle,Ratt
Gertrudis,Pocknell
Dermot,Hember
Barn,Stepney
Aloysia,Peschka
Rowen,Le Noury
Nikolai,Skittreal
Rosita,Frugier
Minor,Laurenzi
Sheffie,Fowle
Ximenes,Yerby
Gabe,Castanyer
Herb,McNirlan
Blake,Westhead
Jana,Abarough
Garrard,Powell
Layla,Turvie
Ellswerth,Getsham
Melisent,Eagleston
Willis,Pfeifer
Greta,Coster
Katharina,Hayford
Quint,Mendonca
Merna,McFeat
Dennie,Jeenes
Darrin,Churchley
Ivory,Aleevy
Dave,Buckoke
Devlin,Sutterby
Gilburt,Ramey
Alvera,Klaus
Daron,Falls
Lory,Lyte
Ulrikaumeko,Shankland
Adrea,Ryland
Cody,Lestor
Shaylah,Salery
Hattie,Bever
Pete,Bagg
Hi,Espley
Pier,Burchett
Ree,Halgarth
Reine,Cromleholme
Edgardo,McGoogan
Pepito,Lailey
Demetra,Adolfsen
Darrell,Lightbourn
Ronna,Munn
Broddie,Spurier
Gerhard,Paybody
Nelson,Warrington
Dennet,Heinig
Chick,Blamires
Roman,Dallinder
Zeb,Kleinsmuntz
Faina,Lewton
Bryanty,Jacob
Mark,Arrol
Wells,Muffett
Geno,Grand
Bing,Carriage
Catlaina,Cudd
Dee dee,Kuschek
Laurence,Hambidge
Ragnar,Semkins
Elberta,Abbys
Godiva,Lilion
Hedwig,Rowatt
Bonnibelle,Peile
Maia,Dethloff
Fionnula,Scadden
Max,Barukh
Dottie,De Mars
Karlen,Borthe
Camella,Joslyn
Sonja,Itzakovitz
Kris,Ruffli
Orelia,Sumpter
Clara,Lonie
Yoshi,Garrals
Tito,Lamburn
Hardy,Siddle
Conn,Rupel
Wernher,Yersin
Constantin,Lukacs
Rosalinde,Acheson
Marlow,Leftridge
Barde,Bart
Keven,Levett
Maurizio,Van den Velde
Wallie,Ayling
Sidonnie,Crankshaw
Timmie,Staniforth
Paxton,Gregoriou
Port,Strond
Guillema,Standbrook
Lindsay,Jorin
Hadleigh,Briston
Zeke,Male
Leone,Bulbrook
Dorie,Upton
Raphael,Bruniges
Leonhard,Charke
Pierrette,Latimer
Catha,Strickett
Darren,Gilli
Richmound,Grunder
Albina,Lodin
Stanly,Yurchishin
Margalit,Boreland
Patty,Dignon
Koo,Petrello
Evanne,Verdie
Jennica,Withringten
Kasey,Comettoi
Cyndie,Gaythwaite
Van,McInnery
Francisco,Woolliams
Emera,Witherspoon
Theodosia,Guillard
Cos,Ilyushkin
Chandler,Charlewood
Kara,Gouldstraw
Aland,Whitford
Travers,Knagges
Shawn,Deville
Zorine,Driuzzi
Lee,Lamperti
Bendite,Le Leu
Tilda,Mackelworth
Kermie,Girardez
Traver,MacDermand
Marten,Shatliff
Mattie,Walby
Rois,Thomason
Lily,Roncelli
Denis,Mowsdill
Portia,Robelin
Marnie,Gandley
Oralee,Kerrey
Bel,Tutsell
Barrett,Riall
Ranique,Assiter
Thomasina,Bloys
Winifred,Yarham
Ricki,Dayley
Hugh,Headan
Bev,Grushin
Jule,Joice
Twila,Gilberthorpe
Lutero,Stranahan
Melosa,Van Geffen
Kennie,Noen
Rudd,Domaschke
Lilly,Patching
Saxe,Browne
Debor,Necrews
Briant,Lowne
Stanislaw,Wenban
Guglielmo,Sutcliff
Ingeberg,Humby
Ortensia,Matissoff
Berrie,Comford
Ashbey,Gellan
Sophia,Shill
Corney,Preist
Kevina,Cabotto
Nathanial,Pandie
Pierson,Ramm
Opal,Capponer
Bebe,Snelgrove
Oralee,Huey
Farra,Brandsen
Elia,Gilford
Nicki,O' Mulderrig
Rozalie,Bauchop
Josias,Cossem
Magnum,Rodenborch
Marylou,Syddie
Farra,Girt
Trumann,Lesper
Stearn,Janus
Gina,MacCafferky
Lucas,Flight
Udell,Pluthero
Lothario,Braven
Rubi,Quigg
Eddy,Remnant
Osbert,Arboin
Ilysa,Merriment
Marleah,Howland
Elroy,Leathes
Angelico,Veque
Cecilla,Pauli
Augusto,Conradie
Ranee,Pulbrook
Cassy,Straun
Lorna,Windybank
Timothy,De Coursey
Forster,Skone
Ebeneser,Alphege
Jo,Keele
Saudra,Stobbie
Colman,Bartolomieu
Noemi,Bril
Bondon,Bohje
Rhodia,Eagar
Dorie,Mailes
Wilhelmina,Vernon
Elden,Lucius
Krystalle,Tomczykowski
Trixi,Sibbit
Douglass,Minchindon
Dwain,Deniskevich
Giustino,Broom
Atalanta,Byrom
Karry,Foston
Erik,Blaydes
Lisetta,McPhate
Robinet,Bullivent
Torey,Barden
Timothy,Whates
Bernadine,Vasic
Auguste,Starbuck
Olva,Texton
Lisette,Sondland
Tris,Morffew
Jerrilyn,Stanlike
Clemmy,Leinthall
Deana,Thunder
Constantino,Jonin
Sybilla,Bienvenu
Flori,Glayzer
Lilian,Scading
Jacklyn,Harring
Nedda,Ludwell
Vera,Stilling
Mychal,Mackison
Roma,Roalfe
Jaquith,Batson
Gib,Ferriby
Rad,Manwell
Whitman,Aireton
Marcel,Whistlecraft
Wallis,Klulicek
Sylas,Dagnan
Irena,Webermann
Averill,MacMarcuis
Paulie,Westoff
Billy,Measor
Lissa,Junifer
Michal,Labusquiere
Clarisse,Raiston
Scot,Ellerbeck
Nealon,Esmead
Tyrus,Furst
Ira,Stronack
Ignacio,Scamel
Aggy,Tattershall
Welbie,Thorns
Nonie,Grizard
Oralle,Worthington
Hettie,Escalera
Tamar,Standon
Darya,Grunnill
Louisette,Cripin
Patsy,Nore
Giffie,Oxborrow
Patricia,Fuente
Cristy,Crennan
Nada,MacDermand
Ann,Callum
Guglielmo,Opy
Brew,Bartholomaus
Robbyn,Awmack
Orsa,Andresen
Adara,Willan
Olav,Edmeads
Inga,Steen
Tanney,McNish
Julissa,Kinch
Athena,Fransseni
Dreddy,Spary
Rahel,Hailes
Alison,Ledes
Anallese,Twaits
Vincenz,Finders
Nyssa,Wray
Mathilda,Nolton
Angelo,Pierce
Vin,Egerton
Felecia,Whymark
Bernete,Ambrogiotti
Othelia,Theodore
Ulrich,Elles
Kelcie,Bate
Isidro,Gerrelt
Seward,McGuggy
Sophi,Heinzler
Maxie,MacCumeskey
Bernette,Lazare
Merrie,Fitzsymonds
Valentia,Cammock
Juli,Shingles
Ivette,McJerrow
Kissiah,Esseby
Jania,Allberry
Nancy,Meffin
Larine,Kopec
Eugenia,Snadden
Gradeigh,Brimham
Jessie,Ambage
Nickie,Thurborn
Cate,Imlock
Sharlene,Dyde
Tonie,Nashe
Jamill,Bettesworth
Webb,Leythley
Hally,Seekings
Aloin,Tarling
Richart,Joiris
Viva,Pietzke
Euell,Allman
Jory,Marriner
Auguste,O'Fallon
Valle,Vasilov
Lorinda,Ligoe
Mei,Bufton
Cheston,Maestrini
Mike,Janodet
Flore,Bottlestone
Nike,Waison
Goldi,De Vries
Nikolaos,Etches
Deonne,Vondruska
Bail,Blaskett
Reinwald,Lemin
Lucila,Athow
Andreana,Macey
Talyah,Landor
Garland,De Cruce
Heall,Kobisch
Vivyanne,Kadd
Darice,Bomfield
Floria,Cruickshanks
Dale,Cowwell
Bronnie,Reinhardt
Tomas,Lloyd
Benoite,Donnelly
Sarajane,Mccaull
Decca,Berriman
Mufinella,Atrill
Sib,Warrilow
Evelyn,Trumper
Bernarr,Nestle
Barbra,Sheriff
Katey,Urling
Christi,Gresch
Tracy,Woolmore
Yancey,Howkins
Norbert,Worsnip
Alberik,Pinnell
Adrea,Snalham
Ameline,Iashvili
Tammy,Branwhite
Patricio,Denidge
Gerek,Golby
Virge,Bearne
Bren,Joseff
Alano,Shute
Marnie,Vivers
Karee,Shurman
Evelin,Hymers
Lynnett,Wondraschek
Bell,Davidoff
Gearard,Patmore
Yuma,Inkles
Annabell,Dyson
Alie,Sergean
Anabal,Saylor
Say,Bouzan
Der,Hydes
Carver,Hobden
Woodie,Biasini
Arri,Beidebeke
Kimberly,Simonnin
Cherry,Brearton
Panchito,Orchart
Georgeanne,Chmiel
Laurie,Laundon
Terry,Pentony
Mikaela,Gallally
Zahara,Brosius
Dunn,House
Monroe,Manwaring
Ara,Crock
Birch,Jeannesson
Remy,Lethcoe
Jonas,Tetlow
Phillipp,Kittle
Berget,Najera
Bailey,Ragot
Hatti,Binford
Ossie,Fine
Aldin,Lake
Milicent,Cliburn
Janie,Ilyasov
Lu,Sheward
Carmencita,Diche
Danielle,Sowley
Cathrin,Hansen
Dillie,Skim
John,Rathjen
Ursula,Bilsford
Leanna,World
Jason,Cowwell
Danny,Olivi
Hollie,Artrick
Esta,Corthes
Chelsey,Hampstead
Peirce,Whitsey
Von,Copestick
Doralynne,Boule
Marcella,Cloy
Emanuel,Cossans
Camille,Stobie
Breanne,Messom
Rad,Alpin
Arleen,Bolter
Linzy,Heball
Lauren,Hammerberg
Corbet,Bradock
Carmela,Segge
Gerry,Fairburne
Neron,Scadden
Ignatius,Riehm
Celka,Boxill
Anatole,Biddle
Quintana,Dockrey
Vikki,Peatman
Evered,Amyes
Wynn,Shepton
Lorena,Cabrera
Gwenette,Langabeer
Allen,Spiers
Melamie,Wavell
Marwin,Witard
Neall,McKane
Erasmus,McTavish
Tan,Brigg
Ralph,Bullene
Coleman,Bottomley
Callida,Bunton
Radcliffe,Pellamonuten
Danielle,Castanares
Marcia,Lackham
Chiarra,Lafranconi
Jacinta,Treace
Priscella,Troyes
Wallis,Vicar
Raviv,Blandamore
Herman,Jahan
Cory,Beach
Janie,Baskett
Daune,McClure
Deloria,Sumshon
Kylie,Valler
Mischa,Keld
Oswald,Sellors
Cosetta,Haynes
Brad,Freire
Elianora,Fritschmann
Christian,Chantrell
Nichole,Middis
Kiley,Niblett
Stanly,McKeag
Christal,Tiddeman
Bryan,Maass
Christyna,Bigmore
Torr,Beevers
Arlen,Vanyard
Gallard,Stollard
Barclay,Burghill
Lamar,Andrassy
Luisa,Sturges
Emmanuel,Spincke
Brandi,Matessian
Ingelbert,Muckle
Pru,Ties
Jeanelle,Feveryear
Tris,Gummery
Tann,Grishankov
Giffer,Gayther
Gweneth,Phillipson
Pavia,Dipple
Brion,Dochon
Maiga,Acory
Matthieu,Yegoshin
Gaylene,Churm
Nikolia,Martellini
Ernestine,Crebo
Marten,Lucas
North,Lindblom
Yvette,Wimlet
Rollins,Marchment
Maxie,Bruhnicke
Alma,Rudiger
Faythe,Sier
Ara,Renahan
Sergio,Candish
Liesa,Slafford
Donni,Mandy
Hymie,Fripp
Edithe,Oldaker
Nadiya,Measom
Loren,Dyott
Ami,Hallums
Rosemaria,Iacovaccio
Domenico,MacIver
Tresa,Chillcot
Daryl,Chetwin
Eden,Timby
Jerrie,Murrill
Alexis,Lyosik
Ginni,Inkpen
Delia,Boness
Ester,Robardet
Diana,Bulfit
Donnie,Preddy
Barney,Feldhammer
Broddy,Fearney
Lorine,Wharfe
Georgiana,Trolley
Stavros,Kimbley
Madalyn,Brahmer
Brietta,Borrel
Nat,Drayton
Amil,Schuchmacher
Clo,O'Connell
Robers,Burgise
Loralee,Brockbank
Berkly,Hedgeley
Pryce,Stone
Kiley,Butland
Sanderson,Rogeron
Darby,Seide
Amerigo,Butner
Mitchell,Cleal
Paddy,Hunstone
Kyle,Goodwill
Andreas,Dilley
Valerye,Ubee
Ikey,Dickons
Morissa,Spinelli
Bail,Maso
Marjie,Yurin
Kerri,Frew
Hagan,Mallender
Georgeta,Paulin
Way,Brolan
Bethina,Lindblom
Moises,Gair
Engelbert,Shevlin
Cleopatra,Trippett
Park,Corson
Reynard,Tytterton
Cosette,MacCulloch
Coral,Maharey
Corbet,Boribal
Meghan,Govett
Liliane,Derle
Cyrill,Duckerin
Devin,Bare
Johnnie,O'Dooghaine
Helli,Digg
Alexandr,Hamsher
Samara,Simson
Rikki,Kinneally
Therese,Charman
Dalston,Boult
Kania,Oultram
Lavina,MacClure
Bartholomeo,Willmont
Arni,Battie
Lari,McGuiness
Alanson,Davidzon
Brina,Gribble
Derk,Conlaund
Danit,Corradini
Ailee,Pinn
Beverley,Broader
Audie,Olivari
Emmery,Jefferies
Michaeline,Wadman
Nettie,Sparkwell
Aubrey,Champkin
Jody,Mayger
Rozele,Frohock
Johan,Laundon
Aubine,Lelande
Clayborn,Rennicks
Abbe,Beese
Olga,Beedom
Nola,Dhennin
Ashlie,Maleham
Gertruda,Belverstone
Friedrich,Pablos
Patrizia,Boxhill
Leonid,Kerman
Ive,John
Roy,Morson
Mata,Tiffin
Jean,Burehill
Flossy,Lukasen
Selena,Crombleholme
Herta,Molden
Eudora,Perrygo
Luce,Danielot
Bertine,Harnes
Avrit,Wallenger
Maure,Dmisek
Marti,Cattach
Meg,Longfellow
Patty,Westrey
Normand,Climance
Clementia,Fawckner
Niall,Glossup
Abrahan,Oleszkiewicz
Perkin,Vurley
Gilli,Stredwick
Roanne,Bickersteth
Merle,Wholesworth
Vincenz,Ingle
Eleanor,Perillo
Kellina,Tindley
Dallas,Rowthorn
Brendan,Tuxsell
Bondy,Lack
Ninetta,Shyres
Morey,Leivers
Byrann,Dawley
Nicole,Matysiak
Dorella,Ayscough
Baxie,Catonne
Iormina,Lamport
Klarika,Codlin
Moyna,Pagett
Gayla,Foskin
Corey,Gilluley
Jason,Dansey
Neilla,Tetlow
Orren,Lewens
Madlin,Castledine
Lancelot,Linham
Gallagher,Turnpenny
Preston,Sieghard
Tyne,MacGhee
Ronna,Nilles
Clare,Clardge
Cristi,Fuzzey
Alanson,Goodger
Devlen,Rosenvasser
Sherrie,Berget
Arlen,Dawdary
Ferdie,Bim
Angelina,Murfill
Elia,Capaldo
Yank,Syder
Berty,Jancy
Cal,Itzik
Elvina,Bride
Quincey,Goolden
Yuri,McCurtin
Jennica,Wallwood

Nikita,Simondson
Stormie,Loughrey
Selina,Garratty
Marybelle,Langthorne
Catlin,Wallworke
Gladys,Starbeck
Cory,Glenfield
Bennett,Meckiff
Maureene,Valencia
Franny,Aspenlon
Linnet,Driffill
Frans,Ibbeson
Sterling,Keywood
Chrysler,Huckerbe
Ann,Dunn
Micki,Allmond
Melinda,Merrgen
Ferd,Longmore
Stefan,Bunner
Beitris,Paddick
Matilda,Beric
Genovera,Tommen
Devora,Napoleone
Jakob,Rennick
Ailey,Phelps
Jemima,Halkyard
Arabela,de Tocqueville
Lynea,Starmont
Elliot,Longthorn
Cesaro,Glendza
Euell,Brymner
Jenna,Colebourn
Donna,Simeoli
Emmit,Mullenger
Torrence,Dalzell
Nessie,Isacoff
Amanda,Mushart
Bord,Bettridge
Fremont,Salandino
Mara,Llorente
Henriette,Jolliman
Eydie,Blomefield
Lexine,McGeouch
Ariella,Bowdler
Marwin,Eymor
Ali,Dovermann
Sam,Cawthra
Agata,Bowskill
Lorene,Millichap
Zia,Vondrak
Guglielmo,Pocke
Stanislaw,Silverthorn
Aggi,Conibere
Halsy,Yurinov
Kitti,Minget
Shannon,Punt
